record_type,year,decade,era,five_year_plan,is_election_year,economic_event,flow,commodity,partner_country,country_code,region,trade_bloc,segment_value_usd_m,segment_share_pct,exports_usd_million,imports_usd_million,trade_balance_usd_million,exports_merchandise_usd_m,imports_merchandise_usd_m,exports_services_usd_m,imports_services_usd_m,gdp_usd_billion,trade_openness_pct,export_growth_yoy_pct,import_growth_yoy_pct,data_source
Annual_Summary,1947,1940s,Early Independence,Pre-Plan,0,Independence & Partition,,,,,,,,,602,707,-105,493.64,664.58,108.36,42.42,,,,,RBI_Historical
Annual_Summary,1948,1940s,Early Independence,Pre-Plan,0,,,,,,,,,,782,791,-9,641.24,743.54,140.76,47.46,,,29.9,11.88,RBI_Historical
Annual_Summary,1949,1940s,Early Independence,Pre-Plan,0,,,,,,,,,,797,848,-51,653.54,797.12,143.46,50.88,,,1.92,7.21,RBI_Historical
Annual_Summary,1950,1950s,Early Independence,Pre-Plan,0,,,,,,,,,,1272,1277,-5,1043.04,1200.38,228.96,76.62,30.6,8.33,59.6,50.59,RBI_Historical
Annual_Summary,1951,1950s,Early Independence,Plan 1,0,First Five-Year Plan,,,,,,,,,1620,2011,-391,1328.4,1890.34,291.6,120.66,32.1,11.31,27.36,57.48,RBI_Historical
Annual_Summary,1952,1950s,Early Independence,Plan 1,1,,,,,,,,,,1257,1826,-569,1030.74,1716.44,226.26,109.56,31.8,9.69,-22.41,-9.2,RBI_Historical
Annual_Summary,1953,1950s,Early Independence,Plan 1,0,,,,,,,,,,1263,1588,-325,1035.66,1492.72,227.34,95.28,32.9,8.67,0.48,-13.03,RBI_Historical
Annual_Summary,1954,1950s,Early Independence,Plan 1,0,,,,,,,,,,1257,1468,-211,1030.74,1379.92,226.26,88.08,33.4,8.16,-0.48,-7.56,RBI_Historical
Annual_Summary,1955,1950s,Early Independence,Plan 1,0,,,,,,,,,,1280,1626,-346,1049.6,1528.44,230.4,97.56,34.5,8.42,1.83,10.76,RBI_Historical
Annual_Summary,1956,1950s,Early Independence,Plan 2,0,,,,,,,,,,1328,2077,-749,1088.96,1952.38,239.04,124.62,35.9,9.48,3.75,27.74,RBI_Historical
Annual_Summary,1957,1950s,Early Independence,Plan 2,1,,,,,,,,,,1231,2350,-1119,1009.42,2209.0,221.58,141.0,35.2,10.17,-7.3,13.14,RBI_Historical
Annual_Summary,1958,1950s,Early Independence,Plan 2,0,,,,,,,,,,1231,1911,-680,1009.42,1796.34,221.58,114.66,36.7,8.56,0.0,-18.68,RBI_Historical
Annual_Summary,1959,1950s,Early Independence,Plan 2,0,,,,,,,,,,1344,2060,-716,1102.08,1936.4,241.92,123.6,38.0,8.96,9.18,7.8,RBI_Historical
Annual_Summary,1960,1960s,Early Independence,Plan 2,0,,,,,,,,,,1332,2354,-1022,1092.24,2212.76,239.76,141.24,37.6,9.8,-0.89,14.27,WorldBank
Annual_Summary,1961,1960s,Early Independence,Plan 3,0,,,,,,,,,,1403,2213,-810,1150.46,2080.22,252.54,132.78,39.5,9.15,5.33,-5.99,WorldBank
Annual_Summary,1962,1960s,Early Independence,Plan 3,1,,,,,,,,,,1390,2376,-986,1139.8,2233.44,250.2,142.56,41.2,9.14,-0.93,7.37,WorldBank
Annual_Summary,1963,1960s,Early Independence,Plan 3,0,,,,,,,,,,1634,2551,-917,1339.88,2397.94,294.12,153.06,44.4,9.43,17.55,7.37,WorldBank
Annual_Summary,1964,1960s,Early Independence,Plan 3,0,,,,,,,,,,1751,2813,-1062,1435.82,2644.22,315.18,168.78,49.4,9.24,7.16,10.27,WorldBank
Annual_Summary,1965,1960s,Early Independence,Plan 3,0,,,,,,,,,,1685,3005,-1320,1381.7,2824.7,303.3,180.3,49.5,9.47,-3.77,6.83,WorldBank
Annual_Summary,1966,1960s,Green Revolution,Plan 4,0,Rupee Devaluation,,,,,,,,,1656,2749,-1093,1357.92,2584.06,298.08,164.94,45.4,9.7,-1.72,-8.52,WorldBank
Annual_Summary,1967,1960s,Green Revolution,Plan 4,1,,,,,,,,,,1599,2759,-1160,1311.18,2593.46,287.82,165.54,51.3,8.5,-3.44,0.36,WorldBank
Annual_Summary,1968,1960s,Green Revolution,Plan 4,0,Green Revolution Peak,,,,,,,,,1698,2411,-713,1392.36,2266.34,305.64,144.66,53.7,7.65,6.19,-12.61,WorldBank
Annual_Summary,1969,1960s,Green Revolution,Plan 4,0,,,,,,,,,,1837,2350,-513,1506.34,2209.0,330.66,141.0,57.8,7.24,8.19,-2.53,WorldBank
Annual_Summary,1970,1970s,Green Revolution,Plan 4,0,,,,,,,,,,2026,2162,-136,1661.32,2032.28,364.68,129.72,63.5,6.6,10.29,-8.0,WorldBank
Annual_Summary,1971,1970s,Green Revolution,Plan 5,1,,,,,,,,,,2072,2456,-384,1699.04,2308.64,372.96,147.36,67.4,6.72,2.27,13.6,WorldBank
Annual_Summary,1972,1970s,Green Revolution,Plan 5,0,,,,,,,,,,2395,2369,26,1963.9,2226.86,431.1,142.14,72.3,6.59,15.59,-3.54,WorldBank
Annual_Summary,1973,1970s,Green Revolution,Plan 5,0,First Oil Crisis,,,,,,,,,2900,3000,-100,2378.0,2820.0,522.0,180.0,87.1,6.77,21.09,26.64,WorldBank
Annual_Summary,1974,1970s,Green Revolution,Plan 5,0,,,,,,,,,,3884,5002,-1118,3184.88,4701.88,699.12,300.12,101.3,8.77,33.93,66.73,WorldBank
Annual_Summary,1975,1970s,Green Revolution,Plan 5,0,,,,,,,,,,4588,5977,-1389,3762.16,5618.38,825.84,358.62,102.7,10.29,18.13,19.49,WorldBank
Annual_Summary,1976,1970s,Green Revolution,Plan 6,0,,,,,,,,,,5350,5400,-50,4387.0,5076.0,963.0,324.0,108.7,9.89,16.61,-9.65,WorldBank
Annual_Summary,1977,1970s,Green Revolution,Plan 6,1,,,,,,,,,,5680,6040,-360,4657.6,5677.6,1022.4,362.4,126.9,9.24,6.17,11.85,WorldBank
Annual_Summary,1978,1970s,Green Revolution,Plan 6,0,,,,,,,,,,5888,7249,-1361,4828.16,6814.06,1059.84,434.94,141.2,9.3,3.66,20.02,WorldBank
Annual_Summary,1979,1970s,Green Revolution,Plan 6,0,Second Oil Crisis,,,,,,,,,6547,8936,-2389,5368.54,8399.84,1178.46,536.16,156.9,9.87,11.19,23.27,WorldBank
Annual_Summary,1980,1980s,Pre-Liberalisation,Plan 6,1,,,,,,,,,,8486,15869,-7383,6958.52,14916.86,1527.48,952.14,186.3,13.07,29.62,77.59,WorldBank
Annual_Summary,1981,1980s,Pre-Liberalisation,Plan 7,0,,,,,,,,,,8030,15568,-7538,6584.6,14633.92,1445.4,934.08,197.4,11.95,-5.37,-1.9,WorldBank
Annual_Summary,1982,1980s,Pre-Liberalisation,Plan 7,0,,,,,,,,,,8067,14460,-6393,6614.94,13592.4,1452.06,867.6,204.2,11.03,0.46,-7.12,WorldBank
Annual_Summary,1983,1980s,Pre-Liberalisation,Plan 7,0,,,,,,,,,,8558,13945,-5387,7017.56,13108.3,1540.44,836.7,222.1,10.13,6.09,-3.56,WorldBank
Annual_Summary,1984,1980s,Pre-Liberalisation,Plan 7,1,,,,,,,,,,8986,13737,-4751,7368.52,12912.78,1617.48,824.22,213.8,10.63,5.0,-1.49,WorldBank
Annual_Summary,1985,1980s,Pre-Liberalisation,Plan 7,0,,,,,,,,,,9163,15612,-6449,7513.66,14675.28,1649.34,936.72,233.0,10.63,1.97,13.65,WorldBank
Annual_Summary,1986,1980s,Pre-Liberalisation,Plan 8,0,,,,,,,,,,10006,16161,-6155,8204.92,15191.34,1801.08,969.66,256.1,10.22,9.2,3.52,WorldBank
Annual_Summary,1987,1980s,Pre-Liberalisation,Plan 8,0,,,,,,,,,,11900,17500,-5600,9758.0,16450.0,2142.0,1050.0,291.2,10.1,18.93,8.29,WorldBank
Annual_Summary,1988,1980s,Pre-Liberalisation,Plan 8,0,,,,,,,,,,13600,20500,-6900,11152.0,19270.0,2448.0,1230.0,300.1,11.36,14.29,17.14,WorldBank
Annual_Summary,1989,1980s,Pre-Liberalisation,Plan 8,1,,,,,,,,,,16000,22000,-6000,13120.0,20680.0,2880.0,1320.0,310.5,12.24,17.65,7.32,WorldBank
Annual_Summary,1990,1990s,Pre-Liberalisation,Plan 8,0,,,,,,,,,,18143,24073,-5930,14877.26,22628.62,3265.74,1444.38,326.6,12.93,13.39,9.42,WorldBank
Annual_Summary,1991,1990s,Liberalisation Era,Plan 9,1,BOP Crisis & Liberalisation,,,,,,,,,18266,21082,-2816,14978.12,19817.08,3287.88,1264.92,274.8,14.32,0.68,-12.42,WorldBank
Annual_Summary,1992,1990s,Liberalisation Era,Plan 9,0,,,,,,,,,,20080,23488,-3408,16465.6,22078.72,3614.4,1409.28,293.3,14.85,9.93,11.41,WorldBank
Annual_Summary,1993,1990s,Liberalisation Era,Plan 9,0,,,,,,,,,,22238,23306,-1068,18235.16,21907.64,4002.84,1398.36,284.2,16.03,10.75,-0.77,WorldBank
Annual_Summary,1994,1990s,Liberalisation Era,Plan 9,0,,,,,,,,,,26330,28654,-2324,21590.6,26934.76,4739.4,1719.24,333.0,16.51,18.4,22.95,WorldBank
Annual_Summary,1995,1990s,Liberalisation Era,Plan 9,0,,,,,,,,,,31795,36678,-4883,26071.9,34477.32,5723.1,2200.68,366.6,18.68,20.76,28.0,WorldBank
Annual_Summary,1996,1990s,Liberalisation Era,Plan 10,1,,,,,,,,,,34133,39236,-5103,27989.06,36881.84,6143.94,2354.16,399.8,18.35,7.35,6.97,WorldBank
Annual_Summary,1997,1990s,Liberalisation Era,Plan 10,0,Asian Financial Crisis,,,,,,,,,36993,41484,-4491,30334.26,38994.96,6658.74,2489.04,423.2,18.54,8.38,5.73,WorldBank
Annual_Summary,1998,1990s,Liberalisation Era,Plan 10,1,,,,,,,,,,34298,42388,-8090,28124.36,39844.72,6173.64,2543.28,428.8,17.88,-7.29,2.18,WorldBank
Annual_Summary,1999,1990s,Liberalisation Era,Plan 10,1,,,,,,,,,,38336,49671,-11335,31435.52,46690.74,6900.48,2980.26,466.9,18.85,11.77,17.18,WorldBank
Annual_Summary,2000,2000s,High Growth Era,Plan 10,0,,,,,,,,,,62870,67650,-4780,44009.0,59532.0,18861.0,8118.0,476.7,27.38,64.0,36.2,WorldBank
Annual_Summary,2001,2000s,High Growth Era,Plan 11,0,,,,,,,,,,63750,65990,-2240,44625.0,58071.2,19125.0,7918.8,493.9,26.27,1.4,-2.45,WorldBank
Annual_Summary,2002,2000s,High Growth Era,Plan 11,0,,,,,,,,,,71600,74000,-2400,50120.0,65120.0,21480.0,8880.0,524.0,27.79,12.31,12.14,WorldBank
Annual_Summary,2003,2000s,High Growth Era,Plan 11,0,,,,,,,,,,90200,89300,900,63140.0,78584.0,27060.0,10716.0,618.4,29.03,25.98,20.68,WorldBank
Annual_Summary,2004,2000s,High Growth Era,Plan 11,1,,,,,,,,,,119200,129300,-10100,83440.0,113784.0,35760.0,15516.0,721.6,34.44,32.15,44.79,WorldBank
Annual_Summary,2005,2000s,High Growth Era,Plan 11,0,,,,,,,,,,149900,175700,-25800,104930.0,154616.0,44970.0,21084.0,834.2,39.03,25.76,35.89,WorldBank
Annual_Summary,2006,2000s,High Growth Era,Plan 12,0,,,,,,,,,,194400,218000,-23600,136080.0,191840.0,58320.0,26160.0,949.1,43.45,29.69,24.08,WorldBank
Annual_Summary,2007,2000s,High Growth Era,Plan 12,0,,,,,,,,,,249800,267000,-17200,174860.0,234960.0,74940.0,32040.0,1238.7,41.72,28.5,22.48,WorldBank
Annual_Summary,2008,2000s,High Growth Era,Plan 12,0,Global Financial Crisis,,,,,,,,,307000,374400,-67400,214900.0,329472.0,92100.0,44928.0,1224.1,55.67,22.9,40.22,WorldBank
Annual_Summary,2009,2000s,High Growth Era,Plan 12,1,,,,,,,,,,264100,300600,-36500,184870.0,264528.0,79230.0,36072.0,1365.4,41.36,-13.97,-19.71,WorldBank
Annual_Summary,2010,2010s,High Growth Era,Plan 12,0,,,,,,,,,,376300,383500,-7200,263410.0,337480.0,112890.0,46020.0,1708.5,44.47,42.48,27.58,WorldBank
Annual_Summary,2011,2010s,High Growth Era,Plan 13,0,,,,,,,,,,471900,499400,-27500,330330.0,439472.0,141570.0,59928.0,1823.0,53.28,25.41,30.22,WorldBank
Annual_Summary,2012,2010s,High Growth Era,Plan 13,0,,,,,,,,,,466400,489300,-22900,326480.0,430584.0,139920.0,58716.0,1827.6,52.29,-1.17,-2.02,WorldBank
Annual_Summary,2013,2010s,High Growth Era,Plan 13,0,,,,,,,,,,466200,467000,-800,326340.0,410960.0,139860.0,56040.0,1856.7,50.26,-0.04,-4.56,WorldBank
Annual_Summary,2014,2010s,Digital India Era,Plan 13,1,,,,,,,,,,478000,462000,16000,334600.0,406560.0,143400.0,55440.0,2039.1,46.1,2.53,-1.07,WorldBank
Annual_Summary,2015,2010s,Digital India Era,Plan 13,0,,,,,,,,,,426000,392000,34000,298200.0,344960.0,127800.0,47040.0,2103.6,38.89,-10.88,-15.15,WorldBank
Annual_Summary,2016,2010s,Digital India Era,Plan 13,0,Demonetisation,,,,,,,,,401700,383800,17900,281190.0,337744.0,120510.0,46056.0,2294.8,34.23,-5.7,-2.09,WorldBank
Annual_Summary,2017,2010s,Digital India Era,Plan 13,0,GST Implementation,,,,,,,,,483800,477700,6100,338660.0,420376.0,145140.0,57324.0,2651.5,36.26,20.44,24.47,WorldBank
Annual_Summary,2018,2010s,Digital India Era,Plan 13,0,,,,,,,,,,535000,617000,-82000,374500.0,542960.0,160500.0,74040.0,2713.2,42.46,10.58,29.16,WorldBank
Annual_Summary,2019,2010s,Digital India Era,Plan 13,1,,,,,,,,,,528500,590000,-61500,369950.0,519200.0,158550.0,70800.0,2869.0,38.99,-1.21,-4.38,WorldBank
Annual_Summary,2020,2020s,Digital India Era,Plan 13,0,COVID-19 Pandemic,,,,,,,,,499700,510200,-10500,349790.0,448976.0,149910.0,61224.0,2671.6,37.8,-5.45,-13.53,WorldBank
Annual_Summary,2021,2020s,Digital India Era,Plan 13,0,,,,,,,,,,677800,760900,-83100,474460.0,669592.0,203340.0,91308.0,3150.3,45.67,35.64,49.14,WorldBank
Annual_Summary,2022,2020s,Digital India Era,Plan 13,0,Russia-Ukraine War Impact,,,,,,,,,778000,897600,-119600,544600.0,789888.0,233400.0,107712.0,3468.6,48.31,14.78,17.97,WorldBank
Annual_Summary,2023,2020s,Digital India Era,Plan 13,0,,,,,,,,,,776400,898000,-121600,543480.0,790240.0,232920.0,107760.0,3737.9,44.8,-0.21,0.04,MoC_India
Annual_Summary,2024,2020s,Digital India Era,Plan 13,1,,,,,,,,,,778200,878500,-100300,544740.0,773080.0,233460.0,105420.0,3940.0,42.05,0.23,-2.17,MoC_India
Commodity_Breakdown,2000,2000s,High Growth Era,Plan 10,0,,Export,Engineering Goods,,,,,8801.8,14.0,62870,67650,,,,,,476.7,,,,
Commodity_Breakdown,2000,2000s,High Growth Era,Plan 10,0,,Export,Petroleum Products,,,,,1257.4,2.0,62870,67650,,,,,,476.7,,,,
Commodity_Breakdown,2000,2000s,High Growth Era,Plan 10,0,,Export,Gems & Jewellery,,,,,10687.9,17.0,62870,67650,,,,,,476.7,,,,
Commodity_Breakdown,2000,2000s,High Growth Era,Plan 10,0,,Export,Chemicals & Pharma,,,,,5658.3,9.0,62870,67650,,,,,,476.7,,,,
Commodity_Breakdown,2000,2000s,High Growth Era,Plan 10,0,,Export,Textiles & Apparel,,,,,12574.0,20.0,62870,67650,,,,,,476.7,,,,
Commodity_Breakdown,2000,2000s,High Growth Era,Plan 10,0,,Export,Agriculture & Allied,,,,,7544.4,12.0,62870,67650,,,,,,476.7,,,,
Commodity_Breakdown,2000,2000s,High Growth Era,Plan 10,0,,Export,Electronics & IT Goods,,,,,1886.1,3.0,62870,67650,,,,,,476.7,,,,
Commodity_Breakdown,2000,2000s,High Growth Era,Plan 10,0,,Export,Other Merchandise,,,,,14460.1,23.0,62870,67650,,,,,,476.7,,,,
Commodity_Breakdown,2000,2000s,High Growth Era,Plan 10,0,,Import,Crude Oil & Petroleum,,,,,16912.5,25.0,62870,67650,,,,,,476.7,,,,
Commodity_Breakdown,2000,2000s,High Growth Era,Plan 10,0,,Import,Electronics & Machinery,,,,,9471.0,14.0,62870,67650,,,,,,476.7,,,,
Commodity_Breakdown,2000,2000s,High Growth Era,Plan 10,0,,Import,Gold & Precious Metals,,,,,4735.5,7.0,62870,67650,,,,,,476.7,,,,
Commodity_Breakdown,2000,2000s,High Growth Era,Plan 10,0,,Import,Chemicals,,,,,5412.0,8.0,62870,67650,,,,,,476.7,,,,
Commodity_Breakdown,2000,2000s,High Growth Era,Plan 10,0,,Import,Coal & Coke,,,,,1353.0,2.0,62870,67650,,,,,,476.7,,,,
Commodity_Breakdown,2000,2000s,High Growth Era,Plan 10,0,,Import,Edible Oils,,,,,2706.0,4.0,62870,67650,,,,,,476.7,,,,
Commodity_Breakdown,2000,2000s,High Growth Era,Plan 10,0,,Import,Defence & Aerospace,,,,,2029.5,3.0,62870,67650,,,,,,476.7,,,,
Commodity_Breakdown,2000,2000s,High Growth Era,Plan 10,0,,Import,Other Merchandise,,,,,25030.5,37.0,62870,67650,,,,,,476.7,,,,
Commodity_Breakdown,2001,2000s,High Growth Era,Plan 11,0,,Export,Engineering Goods,,,,,9562.5,15.0,63750,65990,,,,,,493.9,,,,
Commodity_Breakdown,2001,2000s,High Growth Era,Plan 11,0,,Export,Petroleum Products,,,,,1912.5,3.0,63750,65990,,,,,,493.9,,,,
Commodity_Breakdown,2001,2000s,High Growth Era,Plan 11,0,,Export,Gems & Jewellery,,,,,10200.0,16.0,63750,65990,,,,,,493.9,,,,
Commodity_Breakdown,2001,2000s,High Growth Era,Plan 11,0,,Export,Chemicals & Pharma,,,,,5737.5,9.0,63750,65990,,,,,,493.9,,,,
Commodity_Breakdown,2001,2000s,High Growth Era,Plan 11,0,,Export,Textiles & Apparel,,,,,12112.5,19.0,63750,65990,,,,,,493.9,,,,
Commodity_Breakdown,2001,2000s,High Growth Era,Plan 11,0,,Export,Agriculture & Allied,,,,,7650.0,12.0,63750,65990,,,,,,493.9,,,,
Commodity_Breakdown,2001,2000s,High Growth Era,Plan 11,0,,Export,Electronics & IT Goods,,,,,1912.5,3.0,63750,65990,,,,,,493.9,,,,
Commodity_Breakdown,2001,2000s,High Growth Era,Plan 11,0,,Export,Other Merchandise,,,,,14662.5,23.0,63750,65990,,,,,,493.9,,,,
Commodity_Breakdown,2001,2000s,High Growth Era,Plan 11,0,,Import,Crude Oil & Petroleum,,,,,16497.5,25.0,63750,65990,,,,,,493.9,,,,
Commodity_Breakdown,2001,2000s,High Growth Era,Plan 11,0,,Import,Electronics & Machinery,,,,,9238.6,14.0,63750,65990,,,,,,493.9,,,,
Commodity_Breakdown,2001,2000s,High Growth Era,Plan 11,0,,Import,Gold & Precious Metals,,,,,4619.3,7.0,63750,65990,,,,,,493.9,,,,
Commodity_Breakdown,2001,2000s,High Growth Era,Plan 11,0,,Import,Chemicals,,,,,5279.2,8.0,63750,65990,,,,,,493.9,,,,
Commodity_Breakdown,2001,2000s,High Growth Era,Plan 11,0,,Import,Coal & Coke,,,,,1319.8,2.0,63750,65990,,,,,,493.9,,,,
Commodity_Breakdown,2001,2000s,High Growth Era,Plan 11,0,,Import,Edible Oils,,,,,2639.6,4.0,63750,65990,,,,,,493.9,,,,
Commodity_Breakdown,2001,2000s,High Growth Era,Plan 11,0,,Import,Defence & Aerospace,,,,,1979.7,3.0,63750,65990,,,,,,493.9,,,,
Commodity_Breakdown,2001,2000s,High Growth Era,Plan 11,0,,Import,Other Merchandise,,,,,24416.3,37.0,63750,65990,,,,,,493.9,,,,
Commodity_Breakdown,2002,2000s,High Growth Era,Plan 11,0,,Export,Engineering Goods,,,,,11456.0,16.0,71600,74000,,,,,,524.0,,,,
Commodity_Breakdown,2002,2000s,High Growth Era,Plan 11,0,,Export,Petroleum Products,,,,,2864.0,4.0,71600,74000,,,,,,524.0,,,,
Commodity_Breakdown,2002,2000s,High Growth Era,Plan 11,0,,Export,Gems & Jewellery,,,,,11456.0,16.0,71600,74000,,,,,,524.0,,,,
Commodity_Breakdown,2002,2000s,High Growth Era,Plan 11,0,,Export,Chemicals & Pharma,,,,,7160.0,10.0,71600,74000,,,,,,524.0,,,,
Commodity_Breakdown,2002,2000s,High Growth Era,Plan 11,0,,Export,Textiles & Apparel,,,,,13604.0,19.0,71600,74000,,,,,,524.0,,,,
Commodity_Breakdown,2002,2000s,High Growth Era,Plan 11,0,,Export,Agriculture & Allied,,,,,8592.0,12.0,71600,74000,,,,,,524.0,,,,
Commodity_Breakdown,2002,2000s,High Growth Era,Plan 11,0,,Export,Electronics & IT Goods,,,,,2148.0,3.0,71600,74000,,,,,,524.0,,,,
Commodity_Breakdown,2002,2000s,High Growth Era,Plan 11,0,,Export,Other Merchandise,,,,,14320.0,20.0,71600,74000,,,,,,524.0,,,,
Commodity_Breakdown,2002,2000s,High Growth Era,Plan 11,0,,Import,Crude Oil & Petroleum,,,,,19240.0,26.0,71600,74000,,,,,,524.0,,,,
Commodity_Breakdown,2002,2000s,High Growth Era,Plan 11,0,,Import,Electronics & Machinery,,,,,10360.0,14.0,71600,74000,,,,,,524.0,,,,
Commodity_Breakdown,2002,2000s,High Growth Era,Plan 11,0,,Import,Gold & Precious Metals,,,,,5180.0,7.0,71600,74000,,,,,,524.0,,,,
Commodity_Breakdown,2002,2000s,High Growth Era,Plan 11,0,,Import,Chemicals,,,,,5920.0,8.0,71600,74000,,,,,,524.0,,,,
Commodity_Breakdown,2002,2000s,High Growth Era,Plan 11,0,,Import,Coal & Coke,,,,,1480.0,2.0,71600,74000,,,,,,524.0,,,,
Commodity_Breakdown,2002,2000s,High Growth Era,Plan 11,0,,Import,Edible Oils,,,,,2960.0,4.0,71600,74000,,,,,,524.0,,,,
Commodity_Breakdown,2002,2000s,High Growth Era,Plan 11,0,,Import,Defence & Aerospace,,,,,2220.0,3.0,71600,74000,,,,,,524.0,,,,
Commodity_Breakdown,2002,2000s,High Growth Era,Plan 11,0,,Import,Other Merchandise,,,,,26640.0,36.0,71600,74000,,,,,,524.0,,,,
Commodity_Breakdown,2003,2000s,High Growth Era,Plan 11,0,,Export,Engineering Goods,,,,,15334.0,17.0,90200,89300,,,,,,618.4,,,,
Commodity_Breakdown,2003,2000s,High Growth Era,Plan 11,0,,Export,Petroleum Products,,,,,4510.0,5.0,90200,89300,,,,,,618.4,,,,
Commodity_Breakdown,2003,2000s,High Growth Era,Plan 11,0,,Export,Gems & Jewellery,,,,,13530.0,15.0,90200,89300,,,,,,618.4,,,,
Commodity_Breakdown,2003,2000s,High Growth Era,Plan 11,0,,Export,Chemicals & Pharma,,,,,9020.0,10.0,90200,89300,,,,,,618.4,,,,
Commodity_Breakdown,2003,2000s,High Growth Era,Plan 11,0,,Export,Textiles & Apparel,,,,,15334.0,17.0,90200,89300,,,,,,618.4,,,,
Commodity_Breakdown,2003,2000s,High Growth Era,Plan 11,0,,Export,Agriculture & Allied,,,,,9922.0,11.0,90200,89300,,,,,,618.4,,,,
Commodity_Breakdown,2003,2000s,High Growth Era,Plan 11,0,,Export,Electronics & IT Goods,,,,,3608.0,4.0,90200,89300,,,,,,618.4,,,,
Commodity_Breakdown,2003,2000s,High Growth Era,Plan 11,0,,Export,Other Merchandise,,,,,18942.0,21.0,90200,89300,,,,,,618.4,,,,
Commodity_Breakdown,2003,2000s,High Growth Era,Plan 11,0,,Import,Crude Oil & Petroleum,,,,,24111.0,27.0,90200,89300,,,,,,618.4,,,,
Commodity_Breakdown,2003,2000s,High Growth Era,Plan 11,0,,Import,Electronics & Machinery,,,,,13395.0,15.0,90200,89300,,,,,,618.4,,,,
Commodity_Breakdown,2003,2000s,High Growth Era,Plan 11,0,,Import,Gold & Precious Metals,,,,,7144.0,8.0,90200,89300,,,,,,618.4,,,,
Commodity_Breakdown,2003,2000s,High Growth Era,Plan 11,0,,Import,Chemicals,,,,,7144.0,8.0,90200,89300,,,,,,618.4,,,,
Commodity_Breakdown,2003,2000s,High Growth Era,Plan 11,0,,Import,Coal & Coke,,,,,2679.0,3.0,90200,89300,,,,,,618.4,,,,
Commodity_Breakdown,2003,2000s,High Growth Era,Plan 11,0,,Import,Edible Oils,,,,,3572.0,4.0,90200,89300,,,,,,618.4,,,,
Commodity_Breakdown,2003,2000s,High Growth Era,Plan 11,0,,Import,Defence & Aerospace,,,,,2679.0,3.0,90200,89300,,,,,,618.4,,,,
Commodity_Breakdown,2003,2000s,High Growth Era,Plan 11,0,,Import,Other Merchandise,,,,,28576.0,32.0,90200,89300,,,,,,618.4,,,,
Commodity_Breakdown,2004,2000s,High Growth Era,Plan 11,1,,Export,Engineering Goods,,,,,21456.0,18.0,119200,129300,,,,,,721.6,,,,
Commodity_Breakdown,2004,2000s,High Growth Era,Plan 11,1,,Export,Petroleum Products,,,,,8344.0,7.0,119200,129300,,,,,,721.6,,,,
Commodity_Breakdown,2004,2000s,High Growth Era,Plan 11,1,,Export,Gems & Jewellery,,,,,17880.0,15.0,119200,129300,,,,,,721.6,,,,
Commodity_Breakdown,2004,2000s,High Growth Era,Plan 11,1,,Export,Chemicals & Pharma,,,,,11920.0,10.0,119200,129300,,,,,,721.6,,,,
Commodity_Breakdown,2004,2000s,High Growth Era,Plan 11,1,,Export,Textiles & Apparel,,,,,19072.0,16.0,119200,129300,,,,,,721.6,,,,
Commodity_Breakdown,2004,2000s,High Growth Era,Plan 11,1,,Export,Agriculture & Allied,,,,,11920.0,10.0,119200,129300,,,,,,721.6,,,,
Commodity_Breakdown,2004,2000s,High Growth Era,Plan 11,1,,Export,Electronics & IT Goods,,,,,5960.0,5.0,119200,129300,,,,,,721.6,,,,
Commodity_Breakdown,2004,2000s,High Growth Era,Plan 11,1,,Export,Other Merchandise,,,,,22648.0,19.0,119200,129300,,,,,,721.6,,,,
Commodity_Breakdown,2004,2000s,High Growth Era,Plan 11,1,,Import,Crude Oil & Petroleum,,,,,36204.0,28.0,119200,129300,,,,,,721.6,,,,
Commodity_Breakdown,2004,2000s,High Growth Era,Plan 11,1,,Import,Electronics & Machinery,,,,,20688.0,16.0,119200,129300,,,,,,721.6,,,,
Commodity_Breakdown,2004,2000s,High Growth Era,Plan 11,1,,Import,Gold & Precious Metals,,,,,10344.0,8.0,119200,129300,,,,,,721.6,,,,
Commodity_Breakdown,2004,2000s,High Growth Era,Plan 11,1,,Import,Chemicals,,,,,10344.0,8.0,119200,129300,,,,,,721.6,,,,
Commodity_Breakdown,2004,2000s,High Growth Era,Plan 11,1,,Import,Coal & Coke,,,,,3879.0,3.0,119200,129300,,,,,,721.6,,,,
Commodity_Breakdown,2004,2000s,High Growth Era,Plan 11,1,,Import,Edible Oils,,,,,5172.0,4.0,119200,129300,,,,,,721.6,,,,
Commodity_Breakdown,2004,2000s,High Growth Era,Plan 11,1,,Import,Defence & Aerospace,,,,,3879.0,3.0,119200,129300,,,,,,721.6,,,,
Commodity_Breakdown,2004,2000s,High Growth Era,Plan 11,1,,Import,Other Merchandise,,,,,38790.0,30.0,119200,129300,,,,,,721.6,,,,
Commodity_Breakdown,2005,2000s,High Growth Era,Plan 11,0,,Export,Engineering Goods,,,,,28481.0,19.0,149900,175700,,,,,,834.2,,,,
Commodity_Breakdown,2005,2000s,High Growth Era,Plan 11,0,,Export,Petroleum Products,,,,,13491.0,9.0,149900,175700,,,,,,834.2,,,,
Commodity_Breakdown,2005,2000s,High Growth Era,Plan 11,0,,Export,Gems & Jewellery,,,,,22485.0,15.0,149900,175700,,,,,,834.2,,,,
Commodity_Breakdown,2005,2000s,High Growth Era,Plan 11,0,,Export,Chemicals & Pharma,,,,,16489.0,11.0,149900,175700,,,,,,834.2,,,,
Commodity_Breakdown,2005,2000s,High Growth Era,Plan 11,0,,Export,Textiles & Apparel,,,,,22485.0,15.0,149900,175700,,,,,,834.2,,,,
Commodity_Breakdown,2005,2000s,High Growth Era,Plan 11,0,,Export,Agriculture & Allied,,,,,14990.0,10.0,149900,175700,,,,,,834.2,,,,
Commodity_Breakdown,2005,2000s,High Growth Era,Plan 11,0,,Export,Electronics & IT Goods,,,,,7495.0,5.0,149900,175700,,,,,,834.2,,,,
Commodity_Breakdown,2005,2000s,High Growth Era,Plan 11,0,,Export,Other Merchandise,,,,,23984.0,16.0,149900,175700,,,,,,834.2,,,,
Commodity_Breakdown,2005,2000s,High Growth Era,Plan 11,0,,Import,Crude Oil & Petroleum,,,,,52710.0,30.0,149900,175700,,,,,,834.2,,,,
Commodity_Breakdown,2005,2000s,High Growth Era,Plan 11,0,,Import,Electronics & Machinery,,,,,29869.0,17.0,149900,175700,,,,,,834.2,,,,
Commodity_Breakdown,2005,2000s,High Growth Era,Plan 11,0,,Import,Gold & Precious Metals,,,,,14056.0,8.0,149900,175700,,,,,,834.2,,,,
Commodity_Breakdown,2005,2000s,High Growth Era,Plan 11,0,,Import,Chemicals,,,,,14056.0,8.0,149900,175700,,,,,,834.2,,,,
Commodity_Breakdown,2005,2000s,High Growth Era,Plan 11,0,,Import,Coal & Coke,,,,,5271.0,3.0,149900,175700,,,,,,834.2,,,,
Commodity_Breakdown,2005,2000s,High Growth Era,Plan 11,0,,Import,Edible Oils,,,,,7028.0,4.0,149900,175700,,,,,,834.2,,,,
Commodity_Breakdown,2005,2000s,High Growth Era,Plan 11,0,,Import,Defence & Aerospace,,,,,5271.0,3.0,149900,175700,,,,,,834.2,,,,
Commodity_Breakdown,2005,2000s,High Growth Era,Plan 11,0,,Import,Other Merchandise,,,,,47439.0,27.0,149900,175700,,,,,,834.2,,,,
Commodity_Breakdown,2006,2000s,High Growth Era,Plan 12,0,,Export,Engineering Goods,,,,,38880.0,20.0,194400,218000,,,,,,949.1,,,,
Commodity_Breakdown,2006,2000s,High Growth Era,Plan 12,0,,Export,Petroleum Products,,,,,27216.0,14.0,194400,218000,,,,,,949.1,,,,
Commodity_Breakdown,2006,2000s,High Growth Era,Plan 12,0,,Export,Gems & Jewellery,,,,,27216.0,14.0,194400,218000,,,,,,949.1,,,,
Commodity_Breakdown,2006,2000s,High Growth Era,Plan 12,0,,Export,Chemicals & Pharma,,,,,21384.0,11.0,194400,218000,,,,,,949.1,,,,
Commodity_Breakdown,2006,2000s,High Growth Era,Plan 12,0,,Export,Textiles & Apparel,,,,,25272.0,13.0,194400,218000,,,,,,949.1,,,,
Commodity_Breakdown,2006,2000s,High Growth Era,Plan 12,0,,Export,Agriculture & Allied,,,,,17496.0,9.0,194400,218000,,,,,,949.1,,,,
Commodity_Breakdown,2006,2000s,High Growth Era,Plan 12,0,,Export,Electronics & IT Goods,,,,,9720.0,5.0,194400,218000,,,,,,949.1,,,,
Commodity_Breakdown,2006,2000s,High Growth Era,Plan 12,0,,Export,Other Merchandise,,,,,27216.0,14.0,194400,218000,,,,,,949.1,,,,
Commodity_Breakdown,2006,2000s,High Growth Era,Plan 12,0,,Import,Crude Oil & Petroleum,,,,,67580.0,31.0,194400,218000,,,,,,949.1,,,,
Commodity_Breakdown,2006,2000s,High Growth Era,Plan 12,0,,Import,Electronics & Machinery,,,,,37060.0,17.0,194400,218000,,,,,,949.1,,,,
Commodity_Breakdown,2006,2000s,High Growth Era,Plan 12,0,,Import,Gold & Precious Metals,,,,,17440.0,8.0,194400,218000,,,,,,949.1,,,,
Commodity_Breakdown,2006,2000s,High Growth Era,Plan 12,0,,Import,Chemicals,,,,,17440.0,8.0,194400,218000,,,,,,949.1,,,,
Commodity_Breakdown,2006,2000s,High Growth Era,Plan 12,0,,Import,Coal & Coke,,,,,8720.0,4.0,194400,218000,,,,,,949.1,,,,
Commodity_Breakdown,2006,2000s,High Growth Era,Plan 12,0,,Import,Edible Oils,,,,,8720.0,4.0,194400,218000,,,,,,949.1,,,,
Commodity_Breakdown,2006,2000s,High Growth Era,Plan 12,0,,Import,Defence & Aerospace,,,,,6540.0,3.0,194400,218000,,,,,,949.1,,,,
Commodity_Breakdown,2006,2000s,High Growth Era,Plan 12,0,,Import,Other Merchandise,,,,,54500.0,25.0,194400,218000,,,,,,949.1,,,,
Commodity_Breakdown,2007,2000s,High Growth Era,Plan 12,0,,Export,Engineering Goods,,,,,52458.0,21.0,249800,267000,,,,,,1238.7,,,,
Commodity_Breakdown,2007,2000s,High Growth Era,Plan 12,0,,Export,Petroleum Products,,,,,42466.0,17.0,249800,267000,,,,,,1238.7,,,,
Commodity_Breakdown,2007,2000s,High Growth Era,Plan 12,0,,Export,Gems & Jewellery,,,,,34972.0,14.0,249800,267000,,,,,,1238.7,,,,
Commodity_Breakdown,2007,2000s,High Growth Era,Plan 12,0,,Export,Chemicals & Pharma,,,,,29976.0,12.0,249800,267000,,,,,,1238.7,,,,
Commodity_Breakdown,2007,2000s,High Growth Era,Plan 12,0,,Export,Textiles & Apparel,,,,,32474.0,13.0,249800,267000,,,,,,1238.7,,,,
Commodity_Breakdown,2007,2000s,High Growth Era,Plan 12,0,,Export,Agriculture & Allied,,,,,22482.0,9.0,249800,267000,,,,,,1238.7,,,,
Commodity_Breakdown,2007,2000s,High Growth Era,Plan 12,0,,Export,Electronics & IT Goods,,,,,14988.0,6.0,249800,267000,,,,,,1238.7,,,,
Commodity_Breakdown,2007,2000s,High Growth Era,Plan 12,0,,Export,Other Merchandise,,,,,24980.0,10.0,249800,267000,,,,,,1238.7,,,,
Commodity_Breakdown,2007,2000s,High Growth Era,Plan 12,0,,Import,Crude Oil & Petroleum,,,,,85440.0,32.0,249800,267000,,,,,,1238.7,,,,
Commodity_Breakdown,2007,2000s,High Growth Era,Plan 12,0,,Import,Electronics & Machinery,,,,,48060.0,18.0,249800,267000,,,,,,1238.7,,,,
Commodity_Breakdown,2007,2000s,High Growth Era,Plan 12,0,,Import,Gold & Precious Metals,,,,,21360.0,8.0,249800,267000,,,,,,1238.7,,,,
Commodity_Breakdown,2007,2000s,High Growth Era,Plan 12,0,,Import,Chemicals,,,,,21360.0,8.0,249800,267000,,,,,,1238.7,,,,
Commodity_Breakdown,2007,2000s,High Growth Era,Plan 12,0,,Import,Coal & Coke,,,,,10680.0,4.0,249800,267000,,,,,,1238.7,,,,
Commodity_Breakdown,2007,2000s,High Growth Era,Plan 12,0,,Import,Edible Oils,,,,,10680.0,4.0,249800,267000,,,,,,1238.7,,,,
Commodity_Breakdown,2007,2000s,High Growth Era,Plan 12,0,,Import,Defence & Aerospace,,,,,10680.0,4.0,249800,267000,,,,,,1238.7,,,,
Commodity_Breakdown,2007,2000s,High Growth Era,Plan 12,0,,Import,Other Merchandise,,,,,58740.0,22.0,249800,267000,,,,,,1238.7,,,,
Commodity_Breakdown,2008,2000s,High Growth Era,Plan 12,0,Global Financial Crisis,Export,Engineering Goods,,,,,67540.0,22.0,307000,374400,,,,,,1224.1,,,,
Commodity_Breakdown,2008,2000s,High Growth Era,Plan 12,0,Global Financial Crisis,Export,Petroleum Products,,,,,58330.0,19.0,307000,374400,,,,,,1224.1,,,,
Commodity_Breakdown,2008,2000s,High Growth Era,Plan 12,0,Global Financial Crisis,Export,Gems & Jewellery,,,,,39910.0,13.0,307000,374400,,,,,,1224.1,,,,
Commodity_Breakdown,2008,2000s,High Growth Era,Plan 12,0,Global Financial Crisis,Export,Chemicals & Pharma,,,,,36840.0,12.0,307000,374400,,,,,,1224.1,,,,
Commodity_Breakdown,2008,2000s,High Growth Era,Plan 12,0,Global Financial Crisis,Export,Textiles & Apparel,,,,,36840.0,12.0,307000,374400,,,,,,1224.1,,,,
Commodity_Breakdown,2008,2000s,High Growth Era,Plan 12,0,Global Financial Crisis,Export,Agriculture & Allied,,,,,27630.0,9.0,307000,374400,,,,,,1224.1,,,,
Commodity_Breakdown,2008,2000s,High Growth Era,Plan 12,0,Global Financial Crisis,Export,Electronics & IT Goods,,,,,18420.0,6.0,307000,374400,,,,,,1224.1,,,,
Commodity_Breakdown,2008,2000s,High Growth Era,Plan 12,0,Global Financial Crisis,Export,Other Merchandise,,,,,21490.0,7.0,307000,374400,,,,,,1224.1,,,,
Commodity_Breakdown,2008,2000s,High Growth Era,Plan 12,0,Global Financial Crisis,Import,Crude Oil & Petroleum,,,,,123552.0,33.0,307000,374400,,,,,,1224.1,,,,
Commodity_Breakdown,2008,2000s,High Growth Era,Plan 12,0,Global Financial Crisis,Import,Electronics & Machinery,,,,,67392.0,18.0,307000,374400,,,,,,1224.1,,,,
Commodity_Breakdown,2008,2000s,High Growth Era,Plan 12,0,Global Financial Crisis,Import,Gold & Precious Metals,,,,,33696.0,9.0,307000,374400,,,,,,1224.1,,,,
Commodity_Breakdown,2008,2000s,High Growth Era,Plan 12,0,Global Financial Crisis,Import,Chemicals,,,,,29952.0,8.0,307000,374400,,,,,,1224.1,,,,
Commodity_Breakdown,2008,2000s,High Growth Era,Plan 12,0,Global Financial Crisis,Import,Coal & Coke,,,,,18720.0,5.0,307000,374400,,,,,,1224.1,,,,
Commodity_Breakdown,2008,2000s,High Growth Era,Plan 12,0,Global Financial Crisis,Import,Edible Oils,,,,,14976.0,4.0,307000,374400,,,,,,1224.1,,,,
Commodity_Breakdown,2008,2000s,High Growth Era,Plan 12,0,Global Financial Crisis,Import,Defence & Aerospace,,,,,14976.0,4.0,307000,374400,,,,,,1224.1,,,,
Commodity_Breakdown,2008,2000s,High Growth Era,Plan 12,0,Global Financial Crisis,Import,Other Merchandise,,,,,71136.0,19.0,307000,374400,,,,,,1224.1,,,,
Commodity_Breakdown,2009,2000s,High Growth Era,Plan 12,1,,Export,Engineering Goods,,,,,60743.0,23.0,264100,300600,,,,,,1365.4,,,,
Commodity_Breakdown,2009,2000s,High Growth Era,Plan 12,1,,Export,Petroleum Products,,,,,55461.0,21.0,264100,300600,,,,,,1365.4,,,,
Commodity_Breakdown,2009,2000s,High Growth Era,Plan 12,1,,Export,Gems & Jewellery,,,,,34333.0,13.0,264100,300600,,,,,,1365.4,,,,
Commodity_Breakdown,2009,2000s,High Growth Era,Plan 12,1,,Export,Chemicals & Pharma,,,,,34333.0,13.0,264100,300600,,,,,,1365.4,,,,
Commodity_Breakdown,2009,2000s,High Growth Era,Plan 12,1,,Export,Textiles & Apparel,,,,,31692.0,12.0,264100,300600,,,,,,1365.4,,,,
Commodity_Breakdown,2009,2000s,High Growth Era,Plan 12,1,,Export,Agriculture & Allied,,,,,23769.0,9.0,264100,300600,,,,,,1365.4,,,,
Commodity_Breakdown,2009,2000s,High Growth Era,Plan 12,1,,Export,Electronics & IT Goods,,,,,15846.0,6.0,264100,300600,,,,,,1365.4,,,,
Commodity_Breakdown,2009,2000s,High Growth Era,Plan 12,1,,Export,Other Merchandise,,,,,7923.0,3.0,264100,300600,,,,,,1365.4,,,,
Commodity_Breakdown,2009,2000s,High Growth Era,Plan 12,1,,Import,Crude Oil & Petroleum,,,,,99198.0,33.0,264100,300600,,,,,,1365.4,,,,
Commodity_Breakdown,2009,2000s,High Growth Era,Plan 12,1,,Import,Electronics & Machinery,,,,,54108.0,18.0,264100,300600,,,,,,1365.4,,,,
Commodity_Breakdown,2009,2000s,High Growth Era,Plan 12,1,,Import,Gold & Precious Metals,,,,,30060.0,10.0,264100,300600,,,,,,1365.4,,,,
Commodity_Breakdown,2009,2000s,High Growth Era,Plan 12,1,,Import,Chemicals,,,,,24048.0,8.0,264100,300600,,,,,,1365.4,,,,
Commodity_Breakdown,2009,2000s,High Growth Era,Plan 12,1,,Import,Coal & Coke,,,,,15030.0,5.0,264100,300600,,,,,,1365.4,,,,
Commodity_Breakdown,2009,2000s,High Growth Era,Plan 12,1,,Import,Edible Oils,,,,,12024.0,4.0,264100,300600,,,,,,1365.4,,,,
Commodity_Breakdown,2009,2000s,High Growth Era,Plan 12,1,,Import,Defence & Aerospace,,,,,15030.0,5.0,264100,300600,,,,,,1365.4,,,,
Commodity_Breakdown,2009,2000s,High Growth Era,Plan 12,1,,Import,Other Merchandise,,,,,51102.0,17.0,264100,300600,,,,,,1365.4,,,,
Commodity_Breakdown,2010,2010s,High Growth Era,Plan 12,0,,Export,Engineering Goods,,,,,86549.0,23.0,376300,383500,,,,,,1708.5,,,,
Commodity_Breakdown,2010,2010s,High Growth Era,Plan 12,0,,Export,Petroleum Products,,,,,71497.0,19.0,376300,383500,,,,,,1708.5,,,,
Commodity_Breakdown,2010,2010s,High Growth Era,Plan 12,0,,Export,Gems & Jewellery,,,,,52682.0,14.0,376300,383500,,,,,,1708.5,,,,
Commodity_Breakdown,2010,2010s,High Growth Era,Plan 12,0,,Export,Chemicals & Pharma,,,,,48919.0,13.0,376300,383500,,,,,,1708.5,,,,
Commodity_Breakdown,2010,2010s,High Growth Era,Plan 12,0,,Export,Textiles & Apparel,,,,,41393.0,11.0,376300,383500,,,,,,1708.5,,,,
Commodity_Breakdown,2010,2010s,High Growth Era,Plan 12,0,,Export,Agriculture & Allied,,,,,37630.0,10.0,376300,383500,,,,,,1708.5,,,,
Commodity_Breakdown,2010,2010s,High Growth Era,Plan 12,0,,Export,Electronics & IT Goods,,,,,22578.0,6.0,376300,383500,,,,,,1708.5,,,,
Commodity_Breakdown,2010,2010s,High Growth Era,Plan 12,0,,Export,Other Merchandise,,,,,15052.0,4.0,376300,383500,,,,,,1708.5,,,,
Commodity_Breakdown,2010,2010s,High Growth Era,Plan 12,0,,Import,Crude Oil & Petroleum,,,,,115050.0,30.0,376300,383500,,,,,,1708.5,,,,
Commodity_Breakdown,2010,2010s,High Growth Era,Plan 12,0,,Import,Electronics & Machinery,,,,,72865.0,19.0,376300,383500,,,,,,1708.5,,,,
Commodity_Breakdown,2010,2010s,High Growth Era,Plan 12,0,,Import,Gold & Precious Metals,,,,,42185.0,11.0,376300,383500,,,,,,1708.5,,,,
Commodity_Breakdown,2010,2010s,High Growth Era,Plan 12,0,,Import,Chemicals,,,,,30680.0,8.0,376300,383500,,,,,,1708.5,,,,
Commodity_Breakdown,2010,2010s,High Growth Era,Plan 12,0,,Import,Coal & Coke,,,,,23010.0,6.0,376300,383500,,,,,,1708.5,,,,
Commodity_Breakdown,2010,2010s,High Growth Era,Plan 12,0,,Import,Edible Oils,,,,,15340.0,4.0,376300,383500,,,,,,1708.5,,,,
Commodity_Breakdown,2010,2010s,High Growth Era,Plan 12,0,,Import,Defence & Aerospace,,,,,19175.0,5.0,376300,383500,,,,,,1708.5,,,,
Commodity_Breakdown,2010,2010s,High Growth Era,Plan 12,0,,Import,Other Merchandise,,,,,65195.0,17.0,376300,383500,,,,,,1708.5,,,,
Commodity_Breakdown,2011,2010s,High Growth Era,Plan 13,0,,Export,Engineering Goods,,,,,113256.0,24.0,471900,499400,,,,,,1823.0,,,,
Commodity_Breakdown,2011,2010s,High Growth Era,Plan 13,0,,Export,Petroleum Products,,,,,94380.0,20.0,471900,499400,,,,,,1823.0,,,,
Commodity_Breakdown,2011,2010s,High Growth Era,Plan 13,0,,Export,Gems & Jewellery,,,,,61347.0,13.0,471900,499400,,,,,,1823.0,,,,
Commodity_Breakdown,2011,2010s,High Growth Era,Plan 13,0,,Export,Chemicals & Pharma,,,,,66066.0,14.0,471900,499400,,,,,,1823.0,,,,
Commodity_Breakdown,2011,2010s,High Growth Era,Plan 13,0,,Export,Textiles & Apparel,,,,,51909.0,11.0,471900,499400,,,,,,1823.0,,,,
Commodity_Breakdown,2011,2010s,High Growth Era,Plan 13,0,,Export,Agriculture & Allied,,,,,47190.0,10.0,471900,499400,,,,,,1823.0,,,,
Commodity_Breakdown,2011,2010s,High Growth Era,Plan 13,0,,Export,Electronics & IT Goods,,,,,28314.0,6.0,471900,499400,,,,,,1823.0,,,,
Commodity_Breakdown,2011,2010s,High Growth Era,Plan 13,0,,Export,Other Merchandise,,,,,9438.0,2.0,471900,499400,,,,,,1823.0,,,,
Commodity_Breakdown,2011,2010s,High Growth Era,Plan 13,0,,Import,Crude Oil & Petroleum,,,,,149820.0,30.0,471900,499400,,,,,,1823.0,,,,
Commodity_Breakdown,2011,2010s,High Growth Era,Plan 13,0,,Import,Electronics & Machinery,,,,,99880.0,20.0,471900,499400,,,,,,1823.0,,,,
Commodity_Breakdown,2011,2010s,High Growth Era,Plan 13,0,,Import,Gold & Precious Metals,,,,,49940.0,10.0,471900,499400,,,,,,1823.0,,,,
Commodity_Breakdown,2011,2010s,High Growth Era,Plan 13,0,,Import,Chemicals,,,,,39952.0,8.0,471900,499400,,,,,,1823.0,,,,
Commodity_Breakdown,2011,2010s,High Growth Era,Plan 13,0,,Import,Coal & Coke,,,,,34958.0,7.0,471900,499400,,,,,,1823.0,,,,
Commodity_Breakdown,2011,2010s,High Growth Era,Plan 13,0,,Import,Edible Oils,,,,,19976.0,4.0,471900,499400,,,,,,1823.0,,,,
Commodity_Breakdown,2011,2010s,High Growth Era,Plan 13,0,,Import,Defence & Aerospace,,,,,24970.0,5.0,471900,499400,,,,,,1823.0,,,,
Commodity_Breakdown,2011,2010s,High Growth Era,Plan 13,0,,Import,Other Merchandise,,,,,79904.0,16.0,471900,499400,,,,,,1823.0,,,,
Commodity_Breakdown,2012,2010s,High Growth Era,Plan 13,0,,Export,Engineering Goods,,,,,111936.0,24.0,466400,489300,,,,,,1827.6,,,,
Commodity_Breakdown,2012,2010s,High Growth Era,Plan 13,0,,Export,Petroleum Products,,,,,93280.0,20.0,466400,489300,,,,,,1827.6,,,,
Commodity_Breakdown,2012,2010s,High Growth Era,Plan 13,0,,Export,Gems & Jewellery,,,,,51304.0,11.0,466400,489300,,,,,,1827.6,,,,
Commodity_Breakdown,2012,2010s,High Growth Era,Plan 13,0,,Export,Chemicals & Pharma,,,,,65296.0,14.0,466400,489300,,,,,,1827.6,,,,
Commodity_Breakdown,2012,2010s,High Growth Era,Plan 13,0,,Export,Textiles & Apparel,,,,,51304.0,11.0,466400,489300,,,,,,1827.6,,,,
Commodity_Breakdown,2012,2010s,High Growth Era,Plan 13,0,,Export,Agriculture & Allied,,,,,46640.0,10.0,466400,489300,,,,,,1827.6,,,,
Commodity_Breakdown,2012,2010s,High Growth Era,Plan 13,0,,Export,Electronics & IT Goods,,,,,27984.0,6.0,466400,489300,,,,,,1827.6,,,,
Commodity_Breakdown,2012,2010s,High Growth Era,Plan 13,0,,Export,Other Merchandise,,,,,18656.0,4.0,466400,489300,,,,,,1827.6,,,,
Commodity_Breakdown,2012,2010s,High Growth Era,Plan 13,0,,Import,Crude Oil & Petroleum,,,,,146790.0,30.0,466400,489300,,,,,,1827.6,,,,
Commodity_Breakdown,2012,2010s,High Growth Era,Plan 13,0,,Import,Electronics & Machinery,,,,,102753.0,21.0,466400,489300,,,,,,1827.6,,,,
Commodity_Breakdown,2012,2010s,High Growth Era,Plan 13,0,,Import,Gold & Precious Metals,,,,,48930.0,10.0,466400,489300,,,,,,1827.6,,,,
Commodity_Breakdown,2012,2010s,High Growth Era,Plan 13,0,,Import,Chemicals,,,,,39144.0,8.0,466400,489300,,,,,,1827.6,,,,
Commodity_Breakdown,2012,2010s,High Growth Era,Plan 13,0,,Import,Coal & Coke,,,,,34251.0,7.0,466400,489300,,,,,,1827.6,,,,
Commodity_Breakdown,2012,2010s,High Growth Era,Plan 13,0,,Import,Edible Oils,,,,,19572.0,4.0,466400,489300,,,,,,1827.6,,,,
Commodity_Breakdown,2012,2010s,High Growth Era,Plan 13,0,,Import,Defence & Aerospace,,,,,24465.0,5.0,466400,489300,,,,,,1827.6,,,,
Commodity_Breakdown,2012,2010s,High Growth Era,Plan 13,0,,Import,Other Merchandise,,,,,73395.0,15.0,466400,489300,,,,,,1827.6,,,,
Commodity_Breakdown,2013,2010s,High Growth Era,Plan 13,0,,Export,Engineering Goods,,,,,116550.0,25.0,466200,467000,,,,,,1856.7,,,,
Commodity_Breakdown,2013,2010s,High Growth Era,Plan 13,0,,Export,Petroleum Products,,,,,88578.0,19.0,466200,467000,,,,,,1856.7,,,,
Commodity_Breakdown,2013,2010s,High Growth Era,Plan 13,0,,Export,Gems & Jewellery,,,,,55944.0,12.0,466200,467000,,,,,,1856.7,,,,
Commodity_Breakdown,2013,2010s,High Growth Era,Plan 13,0,,Export,Chemicals & Pharma,,,,,65268.0,14.0,466200,467000,,,,,,1856.7,,,,
Commodity_Breakdown,2013,2010s,High Growth Era,Plan 13,0,,Export,Textiles & Apparel,,,,,55944.0,12.0,466200,467000,,,,,,1856.7,,,,
Commodity_Breakdown,2013,2010s,High Growth Era,Plan 13,0,,Export,Agriculture & Allied,,,,,46620.0,10.0,466200,467000,,,,,,1856.7,,,,
Commodity_Breakdown,2013,2010s,High Growth Era,Plan 13,0,,Export,Electronics & IT Goods,,,,,27972.0,6.0,466200,467000,,,,,,1856.7,,,,
Commodity_Breakdown,2013,2010s,High Growth Era,Plan 13,0,,Export,Other Merchandise,,,,,9324.0,2.0,466200,467000,,,,,,1856.7,,,,
Commodity_Breakdown,2013,2010s,High Growth Era,Plan 13,0,,Import,Crude Oil & Petroleum,,,,,130760.0,28.0,466200,467000,,,,,,1856.7,,,,
Commodity_Breakdown,2013,2010s,High Growth Era,Plan 13,0,,Import,Electronics & Machinery,,,,,102740.0,22.0,466200,467000,,,,,,1856.7,,,,
Commodity_Breakdown,2013,2010s,High Growth Era,Plan 13,0,,Import,Gold & Precious Metals,,,,,37360.0,8.0,466200,467000,,,,,,1856.7,,,,
Commodity_Breakdown,2013,2010s,High Growth Era,Plan 13,0,,Import,Chemicals,,,,,37360.0,8.0,466200,467000,,,,,,1856.7,,,,
Commodity_Breakdown,2013,2010s,High Growth Era,Plan 13,0,,Import,Coal & Coke,,,,,32690.0,7.0,466200,467000,,,,,,1856.7,,,,
Commodity_Breakdown,2013,2010s,High Growth Era,Plan 13,0,,Import,Edible Oils,,,,,18680.0,4.0,466200,467000,,,,,,1856.7,,,,
Commodity_Breakdown,2013,2010s,High Growth Era,Plan 13,0,,Import,Defence & Aerospace,,,,,23350.0,5.0,466200,467000,,,,,,1856.7,,,,
Commodity_Breakdown,2013,2010s,High Growth Era,Plan 13,0,,Import,Other Merchandise,,,,,84060.0,18.0,466200,467000,,,,,,1856.7,,,,
Commodity_Breakdown,2014,2010s,Digital India Era,Plan 13,1,,Export,Engineering Goods,,,,,119500.0,25.0,478000,462000,,,,,,2039.1,,,,
Commodity_Breakdown,2014,2010s,Digital India Era,Plan 13,1,,Export,Petroleum Products,,,,,71700.0,15.0,478000,462000,,,,,,2039.1,,,,
Commodity_Breakdown,2014,2010s,Digital India Era,Plan 13,1,,Export,Gems & Jewellery,,,,,52580.0,11.0,478000,462000,,,,,,2039.1,,,,
Commodity_Breakdown,2014,2010s,Digital India Era,Plan 13,1,,Export,Chemicals & Pharma,,,,,66920.0,14.0,478000,462000,,,,,,2039.1,,,,
Commodity_Breakdown,2014,2010s,Digital India Era,Plan 13,1,,Export,Textiles & Apparel,,,,,57360.0,12.0,478000,462000,,,,,,2039.1,,,,
Commodity_Breakdown,2014,2010s,Digital India Era,Plan 13,1,,Export,Agriculture & Allied,,,,,47800.0,10.0,478000,462000,,,,,,2039.1,,,,
Commodity_Breakdown,2014,2010s,Digital India Era,Plan 13,1,,Export,Electronics & IT Goods,,,,,33460.0,7.0,478000,462000,,,,,,2039.1,,,,
Commodity_Breakdown,2014,2010s,Digital India Era,Plan 13,1,,Export,Other Merchandise,,,,,23900.0,5.0,478000,462000,,,,,,2039.1,,,,
Commodity_Breakdown,2014,2010s,Digital India Era,Plan 13,1,,Import,Crude Oil & Petroleum,,,,,101640.0,22.0,478000,462000,,,,,,2039.1,,,,
Commodity_Breakdown,2014,2010s,Digital India Era,Plan 13,1,,Import,Electronics & Machinery,,,,,106260.0,23.0,478000,462000,,,,,,2039.1,,,,
Commodity_Breakdown,2014,2010s,Digital India Era,Plan 13,1,,Import,Gold & Precious Metals,,,,,32340.0,7.0,478000,462000,,,,,,2039.1,,,,
Commodity_Breakdown,2014,2010s,Digital India Era,Plan 13,1,,Import,Chemicals,,,,,36960.0,8.0,478000,462000,,,,,,2039.1,,,,
Commodity_Breakdown,2014,2010s,Digital India Era,Plan 13,1,,Import,Coal & Coke,,,,,32340.0,7.0,478000,462000,,,,,,2039.1,,,,
Commodity_Breakdown,2014,2010s,Digital India Era,Plan 13,1,,Import,Edible Oils,,,,,18480.0,4.0,478000,462000,,,,,,2039.1,,,,
Commodity_Breakdown,2014,2010s,Digital India Era,Plan 13,1,,Import,Defence & Aerospace,,,,,23100.0,5.0,478000,462000,,,,,,2039.1,,,,
Commodity_Breakdown,2014,2010s,Digital India Era,Plan 13,1,,Import,Other Merchandise,,,,,110880.0,24.0,478000,462000,,,,,,2039.1,,,,
Commodity_Breakdown,2015,2010s,Digital India Era,Plan 13,0,,Export,Engineering Goods,,,,,106500.0,25.0,426000,392000,,,,,,2103.6,,,,
Commodity_Breakdown,2015,2010s,Digital India Era,Plan 13,0,,Export,Petroleum Products,,,,,51120.0,12.0,426000,392000,,,,,,2103.6,,,,
Commodity_Breakdown,2015,2010s,Digital India Era,Plan 13,0,,Export,Gems & Jewellery,,,,,46860.0,11.0,426000,392000,,,,,,2103.6,,,,
Commodity_Breakdown,2015,2010s,Digital India Era,Plan 13,0,,Export,Chemicals & Pharma,,,,,59640.0,14.0,426000,392000,,,,,,2103.6,,,,
Commodity_Breakdown,2015,2010s,Digital India Era,Plan 13,0,,Export,Textiles & Apparel,,,,,51120.0,12.0,426000,392000,,,,,,2103.6,,,,
Commodity_Breakdown,2015,2010s,Digital India Era,Plan 13,0,,Export,Agriculture & Allied,,,,,46860.0,11.0,426000,392000,,,,,,2103.6,,,,
Commodity_Breakdown,2015,2010s,Digital India Era,Plan 13,0,,Export,Electronics & IT Goods,,,,,29820.0,7.0,426000,392000,,,,,,2103.6,,,,
Commodity_Breakdown,2015,2010s,Digital India Era,Plan 13,0,,Export,Other Merchandise,,,,,34080.0,8.0,426000,392000,,,,,,2103.6,,,,
Commodity_Breakdown,2015,2010s,Digital India Era,Plan 13,0,,Import,Crude Oil & Petroleum,,,,,78400.0,20.0,426000,392000,,,,,,2103.6,,,,
Commodity_Breakdown,2015,2010s,Digital India Era,Plan 13,0,,Import,Electronics & Machinery,,,,,90160.0,23.0,426000,392000,,,,,,2103.6,,,,
Commodity_Breakdown,2015,2010s,Digital India Era,Plan 13,0,,Import,Gold & Precious Metals,,,,,27440.0,7.0,426000,392000,,,,,,2103.6,,,,
Commodity_Breakdown,2015,2010s,Digital India Era,Plan 13,0,,Import,Chemicals,,,,,31360.0,8.0,426000,392000,,,,,,2103.6,,,,
Commodity_Breakdown,2015,2010s,Digital India Era,Plan 13,0,,Import,Coal & Coke,,,,,27440.0,7.0,426000,392000,,,,,,2103.6,,,,
Commodity_Breakdown,2015,2010s,Digital India Era,Plan 13,0,,Import,Edible Oils,,,,,15680.0,4.0,426000,392000,,,,,,2103.6,,,,
Commodity_Breakdown,2015,2010s,Digital India Era,Plan 13,0,,Import,Defence & Aerospace,,,,,19600.0,5.0,426000,392000,,,,,,2103.6,,,,
Commodity_Breakdown,2015,2010s,Digital India Era,Plan 13,0,,Import,Other Merchandise,,,,,101920.0,26.0,426000,392000,,,,,,2103.6,,,,
Commodity_Breakdown,2016,2010s,Digital India Era,Plan 13,0,Demonetisation,Export,Engineering Goods,,,,,104442.0,26.0,401700,383800,,,,,,2294.8,,,,
Commodity_Breakdown,2016,2010s,Digital India Era,Plan 13,0,Demonetisation,Export,Petroleum Products,,,,,52221.0,13.0,401700,383800,,,,,,2294.8,,,,
Commodity_Breakdown,2016,2010s,Digital India Era,Plan 13,0,Demonetisation,Export,Gems & Jewellery,,,,,40170.0,10.0,401700,383800,,,,,,2294.8,,,,
Commodity_Breakdown,2016,2010s,Digital India Era,Plan 13,0,Demonetisation,Export,Chemicals & Pharma,,,,,56238.0,14.0,401700,383800,,,,,,2294.8,,,,
Commodity_Breakdown,2016,2010s,Digital India Era,Plan 13,0,Demonetisation,Export,Textiles & Apparel,,,,,44187.0,11.0,401700,383800,,,,,,2294.8,,,,
Commodity_Breakdown,2016,2010s,Digital India Era,Plan 13,0,Demonetisation,Export,Agriculture & Allied,,,,,44187.0,11.0,401700,383800,,,,,,2294.8,,,,
Commodity_Breakdown,2016,2010s,Digital India Era,Plan 13,0,Demonetisation,Export,Electronics & IT Goods,,,,,28119.0,7.0,401700,383800,,,,,,2294.8,,,,
Commodity_Breakdown,2016,2010s,Digital India Era,Plan 13,0,Demonetisation,Export,Other Merchandise,,,,,32136.0,8.0,401700,383800,,,,,,2294.8,,,,
Commodity_Breakdown,2016,2010s,Digital India Era,Plan 13,0,Demonetisation,Import,Crude Oil & Petroleum,,,,,76760.0,20.0,401700,383800,,,,,,2294.8,,,,
Commodity_Breakdown,2016,2010s,Digital India Era,Plan 13,0,Demonetisation,Import,Electronics & Machinery,,,,,84436.0,22.0,401700,383800,,,,,,2294.8,,,,
Commodity_Breakdown,2016,2010s,Digital India Era,Plan 13,0,Demonetisation,Import,Gold & Precious Metals,,,,,30704.0,8.0,401700,383800,,,,,,2294.8,,,,
Commodity_Breakdown,2016,2010s,Digital India Era,Plan 13,0,Demonetisation,Import,Chemicals,,,,,30704.0,8.0,401700,383800,,,,,,2294.8,,,,
Commodity_Breakdown,2016,2010s,Digital India Era,Plan 13,0,Demonetisation,Import,Coal & Coke,,,,,26866.0,7.0,401700,383800,,,,,,2294.8,,,,
Commodity_Breakdown,2016,2010s,Digital India Era,Plan 13,0,Demonetisation,Import,Edible Oils,,,,,15352.0,4.0,401700,383800,,,,,,2294.8,,,,
Commodity_Breakdown,2016,2010s,Digital India Era,Plan 13,0,Demonetisation,Import,Defence & Aerospace,,,,,19190.0,5.0,401700,383800,,,,,,2294.8,,,,
Commodity_Breakdown,2016,2010s,Digital India Era,Plan 13,0,Demonetisation,Import,Other Merchandise,,,,,99788.0,26.0,401700,383800,,,,,,2294.8,,,,
Commodity_Breakdown,2017,2010s,Digital India Era,Plan 13,0,GST Implementation,Export,Engineering Goods,,,,,125788.0,26.0,483800,477700,,,,,,2651.5,,,,
Commodity_Breakdown,2017,2010s,Digital India Era,Plan 13,0,GST Implementation,Export,Petroleum Products,,,,,67732.0,14.0,483800,477700,,,,,,2651.5,,,,
Commodity_Breakdown,2017,2010s,Digital India Era,Plan 13,0,GST Implementation,Export,Gems & Jewellery,,,,,43542.0,9.0,483800,477700,,,,,,2651.5,,,,
Commodity_Breakdown,2017,2010s,Digital India Era,Plan 13,0,GST Implementation,Export,Chemicals & Pharma,,,,,67732.0,14.0,483800,477700,,,,,,2651.5,,,,
Commodity_Breakdown,2017,2010s,Digital India Era,Plan 13,0,GST Implementation,Export,Textiles & Apparel,,,,,53218.0,11.0,483800,477700,,,,,,2651.5,,,,
Commodity_Breakdown,2017,2010s,Digital India Era,Plan 13,0,GST Implementation,Export,Agriculture & Allied,,,,,53218.0,11.0,483800,477700,,,,,,2651.5,,,,
Commodity_Breakdown,2017,2010s,Digital India Era,Plan 13,0,GST Implementation,Export,Electronics & IT Goods,,,,,33866.0,7.0,483800,477700,,,,,,2651.5,,,,
Commodity_Breakdown,2017,2010s,Digital India Era,Plan 13,0,GST Implementation,Export,Other Merchandise,,,,,38704.0,8.0,483800,477700,,,,,,2651.5,,,,
Commodity_Breakdown,2017,2010s,Digital India Era,Plan 13,0,GST Implementation,Import,Crude Oil & Petroleum,,,,,109871.0,23.0,483800,477700,,,,,,2651.5,,,,
Commodity_Breakdown,2017,2010s,Digital India Era,Plan 13,0,GST Implementation,Import,Electronics & Machinery,,,,,105094.0,22.0,483800,477700,,,,,,2651.5,,,,
Commodity_Breakdown,2017,2010s,Digital India Era,Plan 13,0,GST Implementation,Import,Gold & Precious Metals,,,,,33439.0,7.0,483800,477700,,,,,,2651.5,,,,
Commodity_Breakdown,2017,2010s,Digital India Era,Plan 13,0,GST Implementation,Import,Chemicals,,,,,38216.0,8.0,483800,477700,,,,,,2651.5,,,,
Commodity_Breakdown,2017,2010s,Digital India Era,Plan 13,0,GST Implementation,Import,Coal & Coke,,,,,33439.0,7.0,483800,477700,,,,,,2651.5,,,,
Commodity_Breakdown,2017,2010s,Digital India Era,Plan 13,0,GST Implementation,Import,Edible Oils,,,,,19108.0,4.0,483800,477700,,,,,,2651.5,,,,
Commodity_Breakdown,2017,2010s,Digital India Era,Plan 13,0,GST Implementation,Import,Defence & Aerospace,,,,,23885.0,5.0,483800,477700,,,,,,2651.5,,,,
Commodity_Breakdown,2017,2010s,Digital India Era,Plan 13,0,GST Implementation,Import,Other Merchandise,,,,,114648.0,24.0,483800,477700,,,,,,2651.5,,,,
Commodity_Breakdown,2018,2010s,Digital India Era,Plan 13,0,,Export,Engineering Goods,,,,,139100.0,26.0,535000,617000,,,,,,2713.2,,,,
Commodity_Breakdown,2018,2010s,Digital India Era,Plan 13,0,,Export,Petroleum Products,,,,,69550.0,13.0,535000,617000,,,,,,2713.2,,,,
Commodity_Breakdown,2018,2010s,Digital India Era,Plan 13,0,,Export,Gems & Jewellery,,,,,42800.0,8.0,535000,617000,,,,,,2713.2,,,,
Commodity_Breakdown,2018,2010s,Digital India Era,Plan 13,0,,Export,Chemicals & Pharma,,,,,80250.0,15.0,535000,617000,,,,,,2713.2,,,,
Commodity_Breakdown,2018,2010s,Digital India Era,Plan 13,0,,Export,Textiles & Apparel,,,,,58850.0,11.0,535000,617000,,,,,,2713.2,,,,
Commodity_Breakdown,2018,2010s,Digital India Era,Plan 13,0,,Export,Agriculture & Allied,,,,,53500.0,10.0,535000,617000,,,,,,2713.2,,,,
Commodity_Breakdown,2018,2010s,Digital India Era,Plan 13,0,,Export,Electronics & IT Goods,,,,,42800.0,8.0,535000,617000,,,,,,2713.2,,,,
Commodity_Breakdown,2018,2010s,Digital India Era,Plan 13,0,,Export,Other Merchandise,,,,,48150.0,9.0,535000,617000,,,,,,2713.2,,,,
Commodity_Breakdown,2018,2010s,Digital India Era,Plan 13,0,,Import,Crude Oil & Petroleum,,,,,135740.0,22.0,535000,617000,,,,,,2713.2,,,,
Commodity_Breakdown,2018,2010s,Digital India Era,Plan 13,0,,Import,Electronics & Machinery,,,,,135740.0,22.0,535000,617000,,,,,,2713.2,,,,
Commodity_Breakdown,2018,2010s,Digital India Era,Plan 13,0,,Import,Gold & Precious Metals,,,,,37020.0,6.0,535000,617000,,,,,,2713.2,,,,
Commodity_Breakdown,2018,2010s,Digital India Era,Plan 13,0,,Import,Chemicals,,,,,49360.0,8.0,535000,617000,,,,,,2713.2,,,,
Commodity_Breakdown,2018,2010s,Digital India Era,Plan 13,0,,Import,Coal & Coke,,,,,43190.0,7.0,535000,617000,,,,,,2713.2,,,,
Commodity_Breakdown,2018,2010s,Digital India Era,Plan 13,0,,Import,Edible Oils,,,,,24680.0,4.0,535000,617000,,,,,,2713.2,,,,
Commodity_Breakdown,2018,2010s,Digital India Era,Plan 13,0,,Import,Defence & Aerospace,,,,,30850.0,5.0,535000,617000,,,,,,2713.2,,,,
Commodity_Breakdown,2018,2010s,Digital India Era,Plan 13,0,,Import,Other Merchandise,,,,,160420.0,26.0,535000,617000,,,,,,2713.2,,,,
Commodity_Breakdown,2019,2010s,Digital India Era,Plan 13,1,,Export,Engineering Goods,,,,,142695.0,27.0,528500,590000,,,,,,2869.0,,,,
Commodity_Breakdown,2019,2010s,Digital India Era,Plan 13,1,,Export,Petroleum Products,,,,,52850.0,10.0,528500,590000,,,,,,2869.0,,,,
Commodity_Breakdown,2019,2010s,Digital India Era,Plan 13,1,,Export,Gems & Jewellery,,,,,36995.0,7.0,528500,590000,,,,,,2869.0,,,,
Commodity_Breakdown,2019,2010s,Digital India Era,Plan 13,1,,Export,Chemicals & Pharma,,,,,79275.0,15.0,528500,590000,,,,,,2869.0,,,,
Commodity_Breakdown,2019,2010s,Digital India Era,Plan 13,1,,Export,Textiles & Apparel,,,,,58135.0,11.0,528500,590000,,,,,,2869.0,,,,
Commodity_Breakdown,2019,2010s,Digital India Era,Plan 13,1,,Export,Agriculture & Allied,,,,,52850.0,10.0,528500,590000,,,,,,2869.0,,,,
Commodity_Breakdown,2019,2010s,Digital India Era,Plan 13,1,,Export,Electronics & IT Goods,,,,,42280.0,8.0,528500,590000,,,,,,2869.0,,,,
Commodity_Breakdown,2019,2010s,Digital India Era,Plan 13,1,,Export,Other Merchandise,,,,,47565.0,9.0,528500,590000,,,,,,2869.0,,,,
Commodity_Breakdown,2019,2010s,Digital India Era,Plan 13,1,,Import,Crude Oil & Petroleum,,,,,106200.0,18.0,528500,590000,,,,,,2869.0,,,,
Commodity_Breakdown,2019,2010s,Digital India Era,Plan 13,1,,Import,Electronics & Machinery,,,,,129800.0,22.0,528500,590000,,,,,,2869.0,,,,
Commodity_Breakdown,2019,2010s,Digital India Era,Plan 13,1,,Import,Gold & Precious Metals,,,,,35400.0,6.0,528500,590000,,,,,,2869.0,,,,
Commodity_Breakdown,2019,2010s,Digital India Era,Plan 13,1,,Import,Chemicals,,,,,47200.0,8.0,528500,590000,,,,,,2869.0,,,,
Commodity_Breakdown,2019,2010s,Digital India Era,Plan 13,1,,Import,Coal & Coke,,,,,41300.0,7.0,528500,590000,,,,,,2869.0,,,,
Commodity_Breakdown,2019,2010s,Digital India Era,Plan 13,1,,Import,Edible Oils,,,,,23600.0,4.0,528500,590000,,,,,,2869.0,,,,
Commodity_Breakdown,2019,2010s,Digital India Era,Plan 13,1,,Import,Defence & Aerospace,,,,,29500.0,5.0,528500,590000,,,,,,2869.0,,,,
Commodity_Breakdown,2019,2010s,Digital India Era,Plan 13,1,,Import,Other Merchandise,,,,,177000.0,30.0,528500,590000,,,,,,2869.0,,,,
Commodity_Breakdown,2020,2020s,Digital India Era,Plan 13,0,COVID-19 Pandemic,Export,Engineering Goods,,,,,134919.0,27.0,499700,510200,,,,,,2671.6,,,,
Commodity_Breakdown,2020,2020s,Digital India Era,Plan 13,0,COVID-19 Pandemic,Export,Petroleum Products,,,,,69958.0,14.0,499700,510200,,,,,,2671.6,,,,
Commodity_Breakdown,2020,2020s,Digital India Era,Plan 13,0,COVID-19 Pandemic,Export,Gems & Jewellery,,,,,39976.0,8.0,499700,510200,,,,,,2671.6,,,,
Commodity_Breakdown,2020,2020s,Digital India Era,Plan 13,0,COVID-19 Pandemic,Export,Chemicals & Pharma,,,,,79952.0,16.0,499700,510200,,,,,,2671.6,,,,
Commodity_Breakdown,2020,2020s,Digital India Era,Plan 13,0,COVID-19 Pandemic,Export,Textiles & Apparel,,,,,54967.0,11.0,499700,510200,,,,,,2671.6,,,,
Commodity_Breakdown,2020,2020s,Digital India Era,Plan 13,0,COVID-19 Pandemic,Export,Agriculture & Allied,,,,,49970.0,10.0,499700,510200,,,,,,2671.6,,,,
Commodity_Breakdown,2020,2020s,Digital India Era,Plan 13,0,COVID-19 Pandemic,Export,Electronics & IT Goods,,,,,34979.0,7.0,499700,510200,,,,,,2671.6,,,,
Commodity_Breakdown,2020,2020s,Digital India Era,Plan 13,0,COVID-19 Pandemic,Export,Other Merchandise,,,,,34979.0,7.0,499700,510200,,,,,,2671.6,,,,
Commodity_Breakdown,2020,2020s,Digital India Era,Plan 13,0,COVID-19 Pandemic,Import,Crude Oil & Petroleum,,,,,112244.0,22.0,499700,510200,,,,,,2671.6,,,,
Commodity_Breakdown,2020,2020s,Digital India Era,Plan 13,0,COVID-19 Pandemic,Import,Electronics & Machinery,,,,,112244.0,22.0,499700,510200,,,,,,2671.6,,,,
Commodity_Breakdown,2020,2020s,Digital India Era,Plan 13,0,COVID-19 Pandemic,Import,Gold & Precious Metals,,,,,35714.0,7.0,499700,510200,,,,,,2671.6,,,,
Commodity_Breakdown,2020,2020s,Digital India Era,Plan 13,0,COVID-19 Pandemic,Import,Chemicals,,,,,40816.0,8.0,499700,510200,,,,,,2671.6,,,,
Commodity_Breakdown,2020,2020s,Digital India Era,Plan 13,0,COVID-19 Pandemic,Import,Coal & Coke,,,,,35714.0,7.0,499700,510200,,,,,,2671.6,,,,
Commodity_Breakdown,2020,2020s,Digital India Era,Plan 13,0,COVID-19 Pandemic,Import,Edible Oils,,,,,20408.0,4.0,499700,510200,,,,,,2671.6,,,,
Commodity_Breakdown,2020,2020s,Digital India Era,Plan 13,0,COVID-19 Pandemic,Import,Defence & Aerospace,,,,,25510.0,5.0,499700,510200,,,,,,2671.6,,,,
Commodity_Breakdown,2020,2020s,Digital India Era,Plan 13,0,COVID-19 Pandemic,Import,Other Merchandise,,,,,127550.0,25.0,499700,510200,,,,,,2671.6,,,,
Commodity_Breakdown,2021,2020s,Digital India Era,Plan 13,0,,Export,Engineering Goods,,,,,183006.0,27.0,677800,760900,,,,,,3150.3,,,,
Commodity_Breakdown,2021,2020s,Digital India Era,Plan 13,0,,Export,Petroleum Products,,,,,115226.0,17.0,677800,760900,,,,,,3150.3,,,,
Commodity_Breakdown,2021,2020s,Digital India Era,Plan 13,0,,Export,Gems & Jewellery,,,,,61002.0,9.0,677800,760900,,,,,,3150.3,,,,
Commodity_Breakdown,2021,2020s,Digital India Era,Plan 13,0,,Export,Chemicals & Pharma,,,,,94892.0,14.0,677800,760900,,,,,,3150.3,,,,
Commodity_Breakdown,2021,2020s,Digital India Era,Plan 13,0,,Export,Textiles & Apparel,,,,,74558.0,11.0,677800,760900,,,,,,3150.3,,,,
Commodity_Breakdown,2021,2020s,Digital India Era,Plan 13,0,,Export,Agriculture & Allied,,,,,61002.0,9.0,677800,760900,,,,,,3150.3,,,,
Commodity_Breakdown,2021,2020s,Digital India Era,Plan 13,0,,Export,Electronics & IT Goods,,,,,54224.0,8.0,677800,760900,,,,,,3150.3,,,,
Commodity_Breakdown,2021,2020s,Digital India Era,Plan 13,0,,Export,Other Merchandise,,,,,47446.0,7.0,677800,760900,,,,,,3150.3,,,,
Commodity_Breakdown,2021,2020s,Digital India Era,Plan 13,0,,Import,Crude Oil & Petroleum,,,,,205443.0,27.0,677800,760900,,,,,,3150.3,,,,
Commodity_Breakdown,2021,2020s,Digital India Era,Plan 13,0,,Import,Electronics & Machinery,,,,,167398.0,22.0,677800,760900,,,,,,3150.3,,,,
Commodity_Breakdown,2021,2020s,Digital India Era,Plan 13,0,,Import,Gold & Precious Metals,,,,,60872.0,8.0,677800,760900,,,,,,3150.3,,,,
Commodity_Breakdown,2021,2020s,Digital India Era,Plan 13,0,,Import,Chemicals,,,,,60872.0,8.0,677800,760900,,,,,,3150.3,,,,
Commodity_Breakdown,2021,2020s,Digital India Era,Plan 13,0,,Import,Coal & Coke,,,,,53263.0,7.0,677800,760900,,,,,,3150.3,,,,
Commodity_Breakdown,2021,2020s,Digital India Era,Plan 13,0,,Import,Edible Oils,,,,,30436.0,4.0,677800,760900,,,,,,3150.3,,,,
Commodity_Breakdown,2021,2020s,Digital India Era,Plan 13,0,,Import,Defence & Aerospace,,,,,38045.0,5.0,677800,760900,,,,,,3150.3,,,,
Commodity_Breakdown,2021,2020s,Digital India Era,Plan 13,0,,Import,Other Merchandise,,,,,144571.0,19.0,677800,760900,,,,,,3150.3,,,,
Commodity_Breakdown,2022,2020s,Digital India Era,Plan 13,0,Russia-Ukraine War Impact,Export,Engineering Goods,,,,,210060.0,27.0,778000,897600,,,,,,3468.6,,,,
Commodity_Breakdown,2022,2020s,Digital India Era,Plan 13,0,Russia-Ukraine War Impact,Export,Petroleum Products,,,,,132260.0,17.0,778000,897600,,,,,,3468.6,,,,
Commodity_Breakdown,2022,2020s,Digital India Era,Plan 13,0,Russia-Ukraine War Impact,Export,Gems & Jewellery,,,,,70020.0,9.0,778000,897600,,,,,,3468.6,,,,
Commodity_Breakdown,2022,2020s,Digital India Era,Plan 13,0,Russia-Ukraine War Impact,Export,Chemicals & Pharma,,,,,108920.0,14.0,778000,897600,,,,,,3468.6,,,,
Commodity_Breakdown,2022,2020s,Digital India Era,Plan 13,0,Russia-Ukraine War Impact,Export,Textiles & Apparel,,,,,85580.0,11.0,778000,897600,,,,,,3468.6,,,,
Commodity_Breakdown,2022,2020s,Digital India Era,Plan 13,0,Russia-Ukraine War Impact,Export,Agriculture & Allied,,,,,70020.0,9.0,778000,897600,,,,,,3468.6,,,,
Commodity_Breakdown,2022,2020s,Digital India Era,Plan 13,0,Russia-Ukraine War Impact,Export,Electronics & IT Goods,,,,,62240.0,8.0,778000,897600,,,,,,3468.6,,,,
Commodity_Breakdown,2022,2020s,Digital India Era,Plan 13,0,Russia-Ukraine War Impact,Export,Other Merchandise,,,,,38900.0,5.0,778000,897600,,,,,,3468.6,,,,
Commodity_Breakdown,2022,2020s,Digital India Era,Plan 13,0,Russia-Ukraine War Impact,Import,Crude Oil & Petroleum,,,,,251328.0,28.0,778000,897600,,,,,,3468.6,,,,
Commodity_Breakdown,2022,2020s,Digital India Era,Plan 13,0,Russia-Ukraine War Impact,Import,Electronics & Machinery,,,,,197472.0,22.0,778000,897600,,,,,,3468.6,,,,
Commodity_Breakdown,2022,2020s,Digital India Era,Plan 13,0,Russia-Ukraine War Impact,Import,Gold & Precious Metals,,,,,80784.0,9.0,778000,897600,,,,,,3468.6,,,,
Commodity_Breakdown,2022,2020s,Digital India Era,Plan 13,0,Russia-Ukraine War Impact,Import,Chemicals,,,,,71808.0,8.0,778000,897600,,,,,,3468.6,,,,
Commodity_Breakdown,2022,2020s,Digital India Era,Plan 13,0,Russia-Ukraine War Impact,Import,Coal & Coke,,,,,62832.0,7.0,778000,897600,,,,,,3468.6,,,,
Commodity_Breakdown,2022,2020s,Digital India Era,Plan 13,0,Russia-Ukraine War Impact,Import,Edible Oils,,,,,35904.0,4.0,778000,897600,,,,,,3468.6,,,,
Commodity_Breakdown,2022,2020s,Digital India Era,Plan 13,0,Russia-Ukraine War Impact,Import,Defence & Aerospace,,,,,44880.0,5.0,778000,897600,,,,,,3468.6,,,,
Commodity_Breakdown,2022,2020s,Digital India Era,Plan 13,0,Russia-Ukraine War Impact,Import,Other Merchandise,,,,,152592.0,17.0,778000,897600,,,,,,3468.6,,,,
Commodity_Breakdown,2023,2020s,Digital India Era,Plan 13,0,,Export,Engineering Goods,,,,,201864.0,26.0,776400,898000,,,,,,3737.9,,,,
Commodity_Breakdown,2023,2020s,Digital India Era,Plan 13,0,,Export,Petroleum Products,,,,,124224.0,16.0,776400,898000,,,,,,3737.9,,,,
Commodity_Breakdown,2023,2020s,Digital India Era,Plan 13,0,,Export,Gems & Jewellery,,,,,69876.0,9.0,776400,898000,,,,,,3737.9,,,,
Commodity_Breakdown,2023,2020s,Digital India Era,Plan 13,0,,Export,Chemicals & Pharma,,,,,108696.0,14.0,776400,898000,,,,,,3737.9,,,,
Commodity_Breakdown,2023,2020s,Digital India Era,Plan 13,0,,Export,Textiles & Apparel,,,,,85404.0,11.0,776400,898000,,,,,,3737.9,,,,
Commodity_Breakdown,2023,2020s,Digital India Era,Plan 13,0,,Export,Agriculture & Allied,,,,,69876.0,9.0,776400,898000,,,,,,3737.9,,,,
Commodity_Breakdown,2023,2020s,Digital India Era,Plan 13,0,,Export,Electronics & IT Goods,,,,,69876.0,9.0,776400,898000,,,,,,3737.9,,,,
Commodity_Breakdown,2023,2020s,Digital India Era,Plan 13,0,,Export,Other Merchandise,,,,,46584.0,6.0,776400,898000,,,,,,3737.9,,,,
Commodity_Breakdown,2023,2020s,Digital India Era,Plan 13,0,,Import,Crude Oil & Petroleum,,,,,242460.0,27.0,776400,898000,,,,,,3737.9,,,,
Commodity_Breakdown,2023,2020s,Digital India Era,Plan 13,0,,Import,Electronics & Machinery,,,,,197560.0,22.0,776400,898000,,,,,,3737.9,,,,
Commodity_Breakdown,2023,2020s,Digital India Era,Plan 13,0,,Import,Gold & Precious Metals,,,,,80820.0,9.0,776400,898000,,,,,,3737.9,,,,
Commodity_Breakdown,2023,2020s,Digital India Era,Plan 13,0,,Import,Chemicals,,,,,71840.0,8.0,776400,898000,,,,,,3737.9,,,,
Commodity_Breakdown,2023,2020s,Digital India Era,Plan 13,0,,Import,Coal & Coke,,,,,62860.0,7.0,776400,898000,,,,,,3737.9,,,,
Commodity_Breakdown,2023,2020s,Digital India Era,Plan 13,0,,Import,Edible Oils,,,,,35920.0,4.0,776400,898000,,,,,,3737.9,,,,
Commodity_Breakdown,2023,2020s,Digital India Era,Plan 13,0,,Import,Defence & Aerospace,,,,,44900.0,5.0,776400,898000,,,,,,3737.9,,,,
Commodity_Breakdown,2023,2020s,Digital India Era,Plan 13,0,,Import,Other Merchandise,,,,,161640.0,18.0,776400,898000,,,,,,3737.9,,,,
Commodity_Breakdown,2024,2020s,Digital India Era,Plan 13,1,,Export,Engineering Goods,,,,,202332.0,26.0,778200,878500,,,,,,3940.0,,,,
Commodity_Breakdown,2024,2020s,Digital India Era,Plan 13,1,,Export,Petroleum Products,,,,,108948.0,14.0,778200,878500,,,,,,3940.0,,,,
Commodity_Breakdown,2024,2020s,Digital India Era,Plan 13,1,,Export,Gems & Jewellery,,,,,62256.0,8.0,778200,878500,,,,,,3940.0,,,,
Commodity_Breakdown,2024,2020s,Digital India Era,Plan 13,1,,Export,Chemicals & Pharma,,,,,116730.0,15.0,778200,878500,,,,,,3940.0,,,,
Commodity_Breakdown,2024,2020s,Digital India Era,Plan 13,1,,Export,Textiles & Apparel,,,,,85602.0,11.0,778200,878500,,,,,,3940.0,,,,
Commodity_Breakdown,2024,2020s,Digital India Era,Plan 13,1,,Export,Agriculture & Allied,,,,,77820.0,10.0,778200,878500,,,,,,3940.0,,,,
Commodity_Breakdown,2024,2020s,Digital India Era,Plan 13,1,,Export,Electronics & IT Goods,,,,,77820.0,10.0,778200,878500,,,,,,3940.0,,,,
Commodity_Breakdown,2024,2020s,Digital India Era,Plan 13,1,,Export,Other Merchandise,,,,,54474.0,7.0,778200,878500,,,,,,3940.0,,,,
Commodity_Breakdown,2024,2020s,Digital India Era,Plan 13,1,,Import,Crude Oil & Petroleum,,,,,210840.0,24.0,778200,878500,,,,,,3940.0,,,,
Commodity_Breakdown,2024,2020s,Digital India Era,Plan 13,1,,Import,Electronics & Machinery,,,,,202055.0,23.0,778200,878500,,,,,,3940.0,,,,
Commodity_Breakdown,2024,2020s,Digital India Era,Plan 13,1,,Import,Gold & Precious Metals,,,,,70280.0,8.0,778200,878500,,,,,,3940.0,,,,
Commodity_Breakdown,2024,2020s,Digital India Era,Plan 13,1,,Import,Chemicals,,,,,70280.0,8.0,778200,878500,,,,,,3940.0,,,,
Commodity_Breakdown,2024,2020s,Digital India Era,Plan 13,1,,Import,Coal & Coke,,,,,61495.0,7.0,778200,878500,,,,,,3940.0,,,,
Commodity_Breakdown,2024,2020s,Digital India Era,Plan 13,1,,Import,Edible Oils,,,,,35140.0,4.0,778200,878500,,,,,,3940.0,,,,
Commodity_Breakdown,2024,2020s,Digital India Era,Plan 13,1,,Import,Defence & Aerospace,,,,,43925.0,5.0,778200,878500,,,,,,3940.0,,,,
Commodity_Breakdown,2024,2020s,Digital India Era,Plan 13,1,,Import,Other Merchandise,,,,,184485.0,21.0,778200,878500,,,,,,3940.0,,,,
Partner_Breakdown,2000,2000s,High Growth Era,Plan 10,0,,Export,,United States,USA,Americas,G7,13831.4,22.0,62870,67650,,,,,,476.7,,,,
Partner_Breakdown,2000,2000s,High Growth Era,Plan 10,0,,Export,,UAE,ARE,Middle East,GCC,3143.5,5.0,62870,67650,,,,,,476.7,,,,
Partner_Breakdown,2000,2000s,High Growth Era,Plan 10,0,,Export,,China,CHN,Asia,BRICS,1257.4,2.0,62870,67650,,,,,,476.7,,,,
Partner_Breakdown,2000,2000s,High Growth Era,Plan 10,0,,Export,,UK,GBR,Europe,G7,3772.2,6.0,62870,67650,,,,,,476.7,,,,
Partner_Breakdown,2000,2000s,High Growth Era,Plan 10,0,,Export,,Germany,DEU,Europe,EU,2514.8,4.0,62870,67650,,,,,,476.7,,,,
Partner_Breakdown,2000,2000s,High Growth Era,Plan 10,0,,Export,,Bangladesh,BGD,Asia,SAARC,628.7,1.0,62870,67650,,,,,,476.7,,,,
Partner_Breakdown,2000,2000s,High Growth Era,Plan 10,0,,Export,,Singapore,SGP,Asia,ASEAN,1886.1,3.0,62870,67650,,,,,,476.7,,,,
Partner_Breakdown,2000,2000s,High Growth Era,Plan 10,0,,Export,,Netherlands,NLD,Europe,EU,1257.4,2.0,62870,67650,,,,,,476.7,,,,
Partner_Breakdown,2000,2000s,High Growth Era,Plan 10,0,,Export,,Hong Kong,HKG,Asia,Other,3143.5,5.0,62870,67650,,,,,,476.7,,,,
Partner_Breakdown,2000,2000s,High Growth Era,Plan 10,0,,Export,,Saudi Arabia,SAU,Middle East,OPEC,1257.4,2.0,62870,67650,,,,,,476.7,,,,
Partner_Breakdown,2000,2000s,High Growth Era,Plan 10,0,,Import,,China,CHN,Asia,BRICS,2029.5,3.0,62870,67650,,,,,,476.7,,,,
Partner_Breakdown,2000,2000s,High Growth Era,Plan 10,0,,Import,,UAE,ARE,Middle East,GCC,2029.5,3.0,62870,67650,,,,,,476.7,,,,
Partner_Breakdown,2000,2000s,High Growth Era,Plan 10,0,,Import,,USA,USA,Americas,G7,5412.0,8.0,62870,67650,,,,,,476.7,,,,
Partner_Breakdown,2000,2000s,High Growth Era,Plan 10,0,,Import,,Saudi Arabia,SAU,Middle East,OPEC,4059.0,6.0,62870,67650,,,,,,476.7,,,,
Partner_Breakdown,2000,2000s,High Growth Era,Plan 10,0,,Import,,Russia,RUS,Europe,BRICS,676.5,1.0,62870,67650,,,,,,476.7,,,,
Partner_Breakdown,2000,2000s,High Growth Era,Plan 10,0,,Import,,Iraq,IRQ,Middle East,OPEC,1353.0,2.0,62870,67650,,,,,,476.7,,,,
Partner_Breakdown,2000,2000s,High Growth Era,Plan 10,0,,Import,,South Korea,KOR,Asia,OECD,1353.0,2.0,62870,67650,,,,,,476.7,,,,
Partner_Breakdown,2000,2000s,High Growth Era,Plan 10,0,,Import,,Australia,AUS,Oceania,OECD,1353.0,2.0,62870,67650,,,,,,476.7,,,,
Partner_Breakdown,2000,2000s,High Growth Era,Plan 10,0,,Import,,Switzerland,CHE,Europe,OECD,2706.0,4.0,62870,67650,,,,,,476.7,,,,
Partner_Breakdown,2000,2000s,High Growth Era,Plan 10,0,,Import,,Indonesia,IDN,Asia,ASEAN,676.5,1.0,62870,67650,,,,,,476.7,,,,
Partner_Breakdown,2001,2000s,High Growth Era,Plan 11,0,,Export,,United States,USA,Americas,G7,13387.5,21.0,63750,65990,,,,,,493.9,,,,
Partner_Breakdown,2001,2000s,High Growth Era,Plan 11,0,,Export,,UAE,ARE,Middle East,GCC,3187.5,5.0,63750,65990,,,,,,493.9,,,,
Partner_Breakdown,2001,2000s,High Growth Era,Plan 11,0,,Export,,China,CHN,Asia,BRICS,1275.0,2.0,63750,65990,,,,,,493.9,,,,
Partner_Breakdown,2001,2000s,High Growth Era,Plan 11,0,,Export,,UK,GBR,Europe,G7,3825.0,6.0,63750,65990,,,,,,493.9,,,,
Partner_Breakdown,2001,2000s,High Growth Era,Plan 11,0,,Export,,Germany,DEU,Europe,EU,2550.0,4.0,63750,65990,,,,,,493.9,,,,
Partner_Breakdown,2001,2000s,High Growth Era,Plan 11,0,,Export,,Bangladesh,BGD,Asia,SAARC,637.5,1.0,63750,65990,,,,,,493.9,,,,
Partner_Breakdown,2001,2000s,High Growth Era,Plan 11,0,,Export,,Singapore,SGP,Asia,ASEAN,1912.5,3.0,63750,65990,,,,,,493.9,,,,
Partner_Breakdown,2001,2000s,High Growth Era,Plan 11,0,,Export,,Netherlands,NLD,Europe,EU,1275.0,2.0,63750,65990,,,,,,493.9,,,,
Partner_Breakdown,2001,2000s,High Growth Era,Plan 11,0,,Export,,Hong Kong,HKG,Asia,Other,3187.5,5.0,63750,65990,,,,,,493.9,,,,
Partner_Breakdown,2001,2000s,High Growth Era,Plan 11,0,,Export,,Saudi Arabia,SAU,Middle East,OPEC,1275.0,2.0,63750,65990,,,,,,493.9,,,,
Partner_Breakdown,2001,2000s,High Growth Era,Plan 11,0,,Import,,China,CHN,Asia,BRICS,2639.6,4.0,63750,65990,,,,,,493.9,,,,
Partner_Breakdown,2001,2000s,High Growth Era,Plan 11,0,,Import,,UAE,ARE,Middle East,GCC,1979.7,3.0,63750,65990,,,,,,493.9,,,,
Partner_Breakdown,2001,2000s,High Growth Era,Plan 11,0,,Import,,USA,USA,Americas,G7,4619.3,7.0,63750,65990,,,,,,493.9,,,,
Partner_Breakdown,2001,2000s,High Growth Era,Plan 11,0,,Import,,Saudi Arabia,SAU,Middle East,OPEC,3959.4,6.0,63750,65990,,,,,,493.9,,,,
Partner_Breakdown,2001,2000s,High Growth Era,Plan 11,0,,Import,,Russia,RUS,Europe,BRICS,659.9,1.0,63750,65990,,,,,,493.9,,,,
Partner_Breakdown,2001,2000s,High Growth Era,Plan 11,0,,Import,,Iraq,IRQ,Middle East,OPEC,1319.8,2.0,63750,65990,,,,,,493.9,,,,
Partner_Breakdown,2001,2000s,High Growth Era,Plan 11,0,,Import,,South Korea,KOR,Asia,OECD,1319.8,2.0,63750,65990,,,,,,493.9,,,,
Partner_Breakdown,2001,2000s,High Growth Era,Plan 11,0,,Import,,Australia,AUS,Oceania,OECD,1319.8,2.0,63750,65990,,,,,,493.9,,,,
Partner_Breakdown,2001,2000s,High Growth Era,Plan 11,0,,Import,,Switzerland,CHE,Europe,OECD,2639.6,4.0,63750,65990,,,,,,493.9,,,,
Partner_Breakdown,2001,2000s,High Growth Era,Plan 11,0,,Import,,Indonesia,IDN,Asia,ASEAN,659.9,1.0,63750,65990,,,,,,493.9,,,,
Partner_Breakdown,2002,2000s,High Growth Era,Plan 11,0,,Export,,United States,USA,Americas,G7,15036.0,21.0,71600,74000,,,,,,524.0,,,,
Partner_Breakdown,2002,2000s,High Growth Era,Plan 11,0,,Export,,UAE,ARE,Middle East,GCC,3580.0,5.0,71600,74000,,,,,,524.0,,,,
Partner_Breakdown,2002,2000s,High Growth Era,Plan 11,0,,Export,,China,CHN,Asia,BRICS,1432.0,2.0,71600,74000,,,,,,524.0,,,,
Partner_Breakdown,2002,2000s,High Growth Era,Plan 11,0,,Export,,UK,GBR,Europe,G7,3580.0,5.0,71600,74000,,,,,,524.0,,,,
Partner_Breakdown,2002,2000s,High Growth Era,Plan 11,0,,Export,,Germany,DEU,Europe,EU,2864.0,4.0,71600,74000,,,,,,524.0,,,,
Partner_Breakdown,2002,2000s,High Growth Era,Plan 11,0,,Export,,Bangladesh,BGD,Asia,SAARC,716.0,1.0,71600,74000,,,,,,524.0,,,,
Partner_Breakdown,2002,2000s,High Growth Era,Plan 11,0,,Export,,Singapore,SGP,Asia,ASEAN,2148.0,3.0,71600,74000,,,,,,524.0,,,,
Partner_Breakdown,2002,2000s,High Growth Era,Plan 11,0,,Export,,Netherlands,NLD,Europe,EU,1432.0,2.0,71600,74000,,,,,,524.0,,,,
Partner_Breakdown,2002,2000s,High Growth Era,Plan 11,0,,Export,,Hong Kong,HKG,Asia,Other,3580.0,5.0,71600,74000,,,,,,524.0,,,,
Partner_Breakdown,2002,2000s,High Growth Era,Plan 11,0,,Export,,Saudi Arabia,SAU,Middle East,OPEC,1432.0,2.0,71600,74000,,,,,,524.0,,,,
Partner_Breakdown,2002,2000s,High Growth Era,Plan 11,0,,Import,,China,CHN,Asia,BRICS,3700.0,5.0,71600,74000,,,,,,524.0,,,,
Partner_Breakdown,2002,2000s,High Growth Era,Plan 11,0,,Import,,UAE,ARE,Middle East,GCC,2220.0,3.0,71600,74000,,,,,,524.0,,,,
Partner_Breakdown,2002,2000s,High Growth Era,Plan 11,0,,Import,,USA,USA,Americas,G7,5180.0,7.0,71600,74000,,,,,,524.0,,,,
Partner_Breakdown,2002,2000s,High Growth Era,Plan 11,0,,Import,,Saudi Arabia,SAU,Middle East,OPEC,4440.0,6.0,71600,74000,,,,,,524.0,,,,
Partner_Breakdown,2002,2000s,High Growth Era,Plan 11,0,,Import,,Russia,RUS,Europe,BRICS,740.0,1.0,71600,74000,,,,,,524.0,,,,
Partner_Breakdown,2002,2000s,High Growth Era,Plan 11,0,,Import,,Iraq,IRQ,Middle East,OPEC,1480.0,2.0,71600,74000,,,,,,524.0,,,,
Partner_Breakdown,2002,2000s,High Growth Era,Plan 11,0,,Import,,South Korea,KOR,Asia,OECD,1480.0,2.0,71600,74000,,,,,,524.0,,,,
Partner_Breakdown,2002,2000s,High Growth Era,Plan 11,0,,Import,,Australia,AUS,Oceania,OECD,1480.0,2.0,71600,74000,,,,,,524.0,,,,
Partner_Breakdown,2002,2000s,High Growth Era,Plan 11,0,,Import,,Switzerland,CHE,Europe,OECD,2220.0,3.0,71600,74000,,,,,,524.0,,,,
Partner_Breakdown,2002,2000s,High Growth Era,Plan 11,0,,Import,,Indonesia,IDN,Asia,ASEAN,740.0,1.0,71600,74000,,,,,,524.0,,,,
Partner_Breakdown,2003,2000s,High Growth Era,Plan 11,0,,Export,,United States,USA,Americas,G7,18040.0,20.0,90200,89300,,,,,,618.4,,,,
Partner_Breakdown,2003,2000s,High Growth Era,Plan 11,0,,Export,,UAE,ARE,Middle East,GCC,5412.0,6.0,90200,89300,,,,,,618.4,,,,
Partner_Breakdown,2003,2000s,High Growth Era,Plan 11,0,,Export,,China,CHN,Asia,BRICS,2706.0,3.0,90200,89300,,,,,,618.4,,,,
Partner_Breakdown,2003,2000s,High Growth Era,Plan 11,0,,Export,,UK,GBR,Europe,G7,4510.0,5.0,90200,89300,,,,,,618.4,,,,
Partner_Breakdown,2003,2000s,High Growth Era,Plan 11,0,,Export,,Germany,DEU,Europe,EU,3608.0,4.0,90200,89300,,,,,,618.4,,,,
Partner_Breakdown,2003,2000s,High Growth Era,Plan 11,0,,Export,,Bangladesh,BGD,Asia,SAARC,902.0,1.0,90200,89300,,,,,,618.4,,,,
Partner_Breakdown,2003,2000s,High Growth Era,Plan 11,0,,Export,,Singapore,SGP,Asia,ASEAN,2706.0,3.0,90200,89300,,,,,,618.4,,,,
Partner_Breakdown,2003,2000s,High Growth Era,Plan 11,0,,Export,,Netherlands,NLD,Europe,EU,1804.0,2.0,90200,89300,,,,,,618.4,,,,
Partner_Breakdown,2003,2000s,High Growth Era,Plan 11,0,,Export,,Hong Kong,HKG,Asia,Other,3608.0,4.0,90200,89300,,,,,,618.4,,,,
Partner_Breakdown,2003,2000s,High Growth Era,Plan 11,0,,Export,,Saudi Arabia,SAU,Middle East,OPEC,1804.0,2.0,90200,89300,,,,,,618.4,,,,
Partner_Breakdown,2003,2000s,High Growth Era,Plan 11,0,,Import,,China,CHN,Asia,BRICS,5358.0,6.0,90200,89300,,,,,,618.4,,,,
Partner_Breakdown,2003,2000s,High Growth Era,Plan 11,0,,Import,,UAE,ARE,Middle East,GCC,3572.0,4.0,90200,89300,,,,,,618.4,,,,
Partner_Breakdown,2003,2000s,High Growth Era,Plan 11,0,,Import,,USA,USA,Americas,G7,6251.0,7.0,90200,89300,,,,,,618.4,,,,
Partner_Breakdown,2003,2000s,High Growth Era,Plan 11,0,,Import,,Saudi Arabia,SAU,Middle East,OPEC,5358.0,6.0,90200,89300,,,,,,618.4,,,,
Partner_Breakdown,2003,2000s,High Growth Era,Plan 11,0,,Import,,Russia,RUS,Europe,BRICS,893.0,1.0,90200,89300,,,,,,618.4,,,,
Partner_Breakdown,2003,2000s,High Growth Era,Plan 11,0,,Import,,Iraq,IRQ,Middle East,OPEC,1786.0,2.0,90200,89300,,,,,,618.4,,,,
Partner_Breakdown,2003,2000s,High Growth Era,Plan 11,0,,Import,,South Korea,KOR,Asia,OECD,2679.0,3.0,90200,89300,,,,,,618.4,,,,
Partner_Breakdown,2003,2000s,High Growth Era,Plan 11,0,,Import,,Australia,AUS,Oceania,OECD,1786.0,2.0,90200,89300,,,,,,618.4,,,,
Partner_Breakdown,2003,2000s,High Growth Era,Plan 11,0,,Import,,Switzerland,CHE,Europe,OECD,2679.0,3.0,90200,89300,,,,,,618.4,,,,
Partner_Breakdown,2003,2000s,High Growth Era,Plan 11,0,,Import,,Indonesia,IDN,Asia,ASEAN,1786.0,2.0,90200,89300,,,,,,618.4,,,,
Partner_Breakdown,2004,2000s,High Growth Era,Plan 11,1,,Export,,United States,USA,Americas,G7,22648.0,19.0,119200,129300,,,,,,721.6,,,,
Partner_Breakdown,2004,2000s,High Growth Era,Plan 11,1,,Export,,UAE,ARE,Middle East,GCC,7152.0,6.0,119200,129300,,,,,,721.6,,,,
Partner_Breakdown,2004,2000s,High Growth Era,Plan 11,1,,Export,,China,CHN,Asia,BRICS,3576.0,3.0,119200,129300,,,,,,721.6,,,,
Partner_Breakdown,2004,2000s,High Growth Era,Plan 11,1,,Export,,UK,GBR,Europe,G7,5960.0,5.0,119200,129300,,,,,,721.6,,,,
Partner_Breakdown,2004,2000s,High Growth Era,Plan 11,1,,Export,,Germany,DEU,Europe,EU,4768.0,4.0,119200,129300,,,,,,721.6,,,,
Partner_Breakdown,2004,2000s,High Growth Era,Plan 11,1,,Export,,Bangladesh,BGD,Asia,SAARC,2384.0,2.0,119200,129300,,,,,,721.6,,,,
Partner_Breakdown,2004,2000s,High Growth Era,Plan 11,1,,Export,,Singapore,SGP,Asia,ASEAN,3576.0,3.0,119200,129300,,,,,,721.6,,,,
Partner_Breakdown,2004,2000s,High Growth Era,Plan 11,1,,Export,,Netherlands,NLD,Europe,EU,2384.0,2.0,119200,129300,,,,,,721.6,,,,
Partner_Breakdown,2004,2000s,High Growth Era,Plan 11,1,,Export,,Hong Kong,HKG,Asia,Other,4768.0,4.0,119200,129300,,,,,,721.6,,,,
Partner_Breakdown,2004,2000s,High Growth Era,Plan 11,1,,Export,,Saudi Arabia,SAU,Middle East,OPEC,2384.0,2.0,119200,129300,,,,,,721.6,,,,
Partner_Breakdown,2004,2000s,High Growth Era,Plan 11,1,,Import,,China,CHN,Asia,BRICS,9051.0,7.0,119200,129300,,,,,,721.6,,,,
Partner_Breakdown,2004,2000s,High Growth Era,Plan 11,1,,Import,,UAE,ARE,Middle East,GCC,5172.0,4.0,119200,129300,,,,,,721.6,,,,
Partner_Breakdown,2004,2000s,High Growth Era,Plan 11,1,,Import,,USA,USA,Americas,G7,9051.0,7.0,119200,129300,,,,,,721.6,,,,
Partner_Breakdown,2004,2000s,High Growth Era,Plan 11,1,,Import,,Saudi Arabia,SAU,Middle East,OPEC,9051.0,7.0,119200,129300,,,,,,721.6,,,,
Partner_Breakdown,2004,2000s,High Growth Era,Plan 11,1,,Import,,Russia,RUS,Europe,BRICS,1293.0,1.0,119200,129300,,,,,,721.6,,,,
Partner_Breakdown,2004,2000s,High Growth Era,Plan 11,1,,Import,,Iraq,IRQ,Middle East,OPEC,3879.0,3.0,119200,129300,,,,,,721.6,,,,
Partner_Breakdown,2004,2000s,High Growth Era,Plan 11,1,,Import,,South Korea,KOR,Asia,OECD,3879.0,3.0,119200,129300,,,,,,721.6,,,,
Partner_Breakdown,2004,2000s,High Growth Era,Plan 11,1,,Import,,Australia,AUS,Oceania,OECD,2586.0,2.0,119200,129300,,,,,,721.6,,,,
Partner_Breakdown,2004,2000s,High Growth Era,Plan 11,1,,Import,,Switzerland,CHE,Europe,OECD,3879.0,3.0,119200,129300,,,,,,721.6,,,,
Partner_Breakdown,2004,2000s,High Growth Era,Plan 11,1,,Import,,Indonesia,IDN,Asia,ASEAN,2586.0,2.0,119200,129300,,,,,,721.6,,,,
Partner_Breakdown,2005,2000s,High Growth Era,Plan 11,0,,Export,,United States,USA,Americas,G7,26982.0,18.0,149900,175700,,,,,,834.2,,,,
Partner_Breakdown,2005,2000s,High Growth Era,Plan 11,0,,Export,,UAE,ARE,Middle East,GCC,10493.0,7.0,149900,175700,,,,,,834.2,,,,
Partner_Breakdown,2005,2000s,High Growth Era,Plan 11,0,,Export,,China,CHN,Asia,BRICS,4497.0,3.0,149900,175700,,,,,,834.2,,,,
Partner_Breakdown,2005,2000s,High Growth Era,Plan 11,0,,Export,,UK,GBR,Europe,G7,5996.0,4.0,149900,175700,,,,,,834.2,,,,
Partner_Breakdown,2005,2000s,High Growth Era,Plan 11,0,,Export,,Germany,DEU,Europe,EU,4497.0,3.0,149900,175700,,,,,,834.2,,,,
Partner_Breakdown,2005,2000s,High Growth Era,Plan 11,0,,Export,,Bangladesh,BGD,Asia,SAARC,2998.0,2.0,149900,175700,,,,,,834.2,,,,
Partner_Breakdown,2005,2000s,High Growth Era,Plan 11,0,,Export,,Singapore,SGP,Asia,ASEAN,4497.0,3.0,149900,175700,,,,,,834.2,,,,
Partner_Breakdown,2005,2000s,High Growth Era,Plan 11,0,,Export,,Netherlands,NLD,Europe,EU,2998.0,2.0,149900,175700,,,,,,834.2,,,,
Partner_Breakdown,2005,2000s,High Growth Era,Plan 11,0,,Export,,Hong Kong,HKG,Asia,Other,4497.0,3.0,149900,175700,,,,,,834.2,,,,
Partner_Breakdown,2005,2000s,High Growth Era,Plan 11,0,,Export,,Saudi Arabia,SAU,Middle East,OPEC,2998.0,2.0,149900,175700,,,,,,834.2,,,,
Partner_Breakdown,2005,2000s,High Growth Era,Plan 11,0,,Import,,China,CHN,Asia,BRICS,14056.0,8.0,149900,175700,,,,,,834.2,,,,
Partner_Breakdown,2005,2000s,High Growth Era,Plan 11,0,,Import,,UAE,ARE,Middle East,GCC,7028.0,4.0,149900,175700,,,,,,834.2,,,,
Partner_Breakdown,2005,2000s,High Growth Era,Plan 11,0,,Import,,USA,USA,Americas,G7,10542.0,6.0,149900,175700,,,,,,834.2,,,,
Partner_Breakdown,2005,2000s,High Growth Era,Plan 11,0,,Import,,Saudi Arabia,SAU,Middle East,OPEC,12299.0,7.0,149900,175700,,,,,,834.2,,,,
Partner_Breakdown,2005,2000s,High Growth Era,Plan 11,0,,Import,,Russia,RUS,Europe,BRICS,1757.0,1.0,149900,175700,,,,,,834.2,,,,
Partner_Breakdown,2005,2000s,High Growth Era,Plan 11,0,,Import,,Iraq,IRQ,Middle East,OPEC,5271.0,3.0,149900,175700,,,,,,834.2,,,,
Partner_Breakdown,2005,2000s,High Growth Era,Plan 11,0,,Import,,South Korea,KOR,Asia,OECD,5271.0,3.0,149900,175700,,,,,,834.2,,,,
Partner_Breakdown,2005,2000s,High Growth Era,Plan 11,0,,Import,,Australia,AUS,Oceania,OECD,3514.0,2.0,149900,175700,,,,,,834.2,,,,
Partner_Breakdown,2005,2000s,High Growth Era,Plan 11,0,,Import,,Switzerland,CHE,Europe,OECD,5271.0,3.0,149900,175700,,,,,,834.2,,,,
Partner_Breakdown,2005,2000s,High Growth Era,Plan 11,0,,Import,,Indonesia,IDN,Asia,ASEAN,3514.0,2.0,149900,175700,,,,,,834.2,,,,
Partner_Breakdown,2006,2000s,High Growth Era,Plan 12,0,,Export,,United States,USA,Americas,G7,33048.0,17.0,194400,218000,,,,,,949.1,,,,
Partner_Breakdown,2006,2000s,High Growth Era,Plan 12,0,,Export,,UAE,ARE,Middle East,GCC,13608.0,7.0,194400,218000,,,,,,949.1,,,,
Partner_Breakdown,2006,2000s,High Growth Era,Plan 12,0,,Export,,China,CHN,Asia,BRICS,5832.0,3.0,194400,218000,,,,,,949.1,,,,
Partner_Breakdown,2006,2000s,High Growth Era,Plan 12,0,,Export,,UK,GBR,Europe,G7,7776.0,4.0,194400,218000,,,,,,949.1,,,,
Partner_Breakdown,2006,2000s,High Growth Era,Plan 12,0,,Export,,Germany,DEU,Europe,EU,5832.0,3.0,194400,218000,,,,,,949.1,,,,
Partner_Breakdown,2006,2000s,High Growth Era,Plan 12,0,,Export,,Bangladesh,BGD,Asia,SAARC,3888.0,2.0,194400,218000,,,,,,949.1,,,,
Partner_Breakdown,2006,2000s,High Growth Era,Plan 12,0,,Export,,Singapore,SGP,Asia,ASEAN,3888.0,2.0,194400,218000,,,,,,949.1,,,,
Partner_Breakdown,2006,2000s,High Growth Era,Plan 12,0,,Export,,Netherlands,NLD,Europe,EU,3888.0,2.0,194400,218000,,,,,,949.1,,,,
Partner_Breakdown,2006,2000s,High Growth Era,Plan 12,0,,Export,,Hong Kong,HKG,Asia,Other,5832.0,3.0,194400,218000,,,,,,949.1,,,,
Partner_Breakdown,2006,2000s,High Growth Era,Plan 12,0,,Export,,Saudi Arabia,SAU,Middle East,OPEC,3888.0,2.0,194400,218000,,,,,,949.1,,,,
Partner_Breakdown,2006,2000s,High Growth Era,Plan 12,0,,Import,,China,CHN,Asia,BRICS,19620.0,9.0,194400,218000,,,,,,949.1,,,,
Partner_Breakdown,2006,2000s,High Growth Era,Plan 12,0,,Import,,UAE,ARE,Middle East,GCC,10900.0,5.0,194400,218000,,,,,,949.1,,,,
Partner_Breakdown,2006,2000s,High Growth Era,Plan 12,0,,Import,,USA,USA,Americas,G7,13080.0,6.0,194400,218000,,,,,,949.1,,,,
Partner_Breakdown,2006,2000s,High Growth Era,Plan 12,0,,Import,,Saudi Arabia,SAU,Middle East,OPEC,15260.0,7.0,194400,218000,,,,,,949.1,,,,
Partner_Breakdown,2006,2000s,High Growth Era,Plan 12,0,,Import,,Russia,RUS,Europe,BRICS,2180.0,1.0,194400,218000,,,,,,949.1,,,,
Partner_Breakdown,2006,2000s,High Growth Era,Plan 12,0,,Import,,Iraq,IRQ,Middle East,OPEC,6540.0,3.0,194400,218000,,,,,,949.1,,,,
Partner_Breakdown,2006,2000s,High Growth Era,Plan 12,0,,Import,,South Korea,KOR,Asia,OECD,6540.0,3.0,194400,218000,,,,,,949.1,,,,
Partner_Breakdown,2006,2000s,High Growth Era,Plan 12,0,,Import,,Australia,AUS,Oceania,OECD,4360.0,2.0,194400,218000,,,,,,949.1,,,,
Partner_Breakdown,2006,2000s,High Growth Era,Plan 12,0,,Import,,Switzerland,CHE,Europe,OECD,4360.0,2.0,194400,218000,,,,,,949.1,,,,
Partner_Breakdown,2006,2000s,High Growth Era,Plan 12,0,,Import,,Indonesia,IDN,Asia,ASEAN,4360.0,2.0,194400,218000,,,,,,949.1,,,,
Partner_Breakdown,2007,2000s,High Growth Era,Plan 12,0,,Export,,United States,USA,Americas,G7,42466.0,17.0,249800,267000,,,,,,1238.7,,,,
Partner_Breakdown,2007,2000s,High Growth Era,Plan 12,0,,Export,,UAE,ARE,Middle East,GCC,19984.0,8.0,249800,267000,,,,,,1238.7,,,,
Partner_Breakdown,2007,2000s,High Growth Era,Plan 12,0,,Export,,China,CHN,Asia,BRICS,7494.0,3.0,249800,267000,,,,,,1238.7,,,,
Partner_Breakdown,2007,2000s,High Growth Era,Plan 12,0,,Export,,UK,GBR,Europe,G7,9992.0,4.0,249800,267000,,,,,,1238.7,,,,
Partner_Breakdown,2007,2000s,High Growth Era,Plan 12,0,,Export,,Germany,DEU,Europe,EU,7494.0,3.0,249800,267000,,,,,,1238.7,,,,
Partner_Breakdown,2007,2000s,High Growth Era,Plan 12,0,,Export,,Bangladesh,BGD,Asia,SAARC,4996.0,2.0,249800,267000,,,,,,1238.7,,,,
Partner_Breakdown,2007,2000s,High Growth Era,Plan 12,0,,Export,,Singapore,SGP,Asia,ASEAN,4996.0,2.0,249800,267000,,,,,,1238.7,,,,
Partner_Breakdown,2007,2000s,High Growth Era,Plan 12,0,,Export,,Netherlands,NLD,Europe,EU,7494.0,3.0,249800,267000,,,,,,1238.7,,,,
Partner_Breakdown,2007,2000s,High Growth Era,Plan 12,0,,Export,,Hong Kong,HKG,Asia,Other,4996.0,2.0,249800,267000,,,,,,1238.7,,,,
Partner_Breakdown,2007,2000s,High Growth Era,Plan 12,0,,Export,,Saudi Arabia,SAU,Middle East,OPEC,4996.0,2.0,249800,267000,,,,,,1238.7,,,,
Partner_Breakdown,2007,2000s,High Growth Era,Plan 12,0,,Import,,China,CHN,Asia,BRICS,26700.0,10.0,249800,267000,,,,,,1238.7,,,,
Partner_Breakdown,2007,2000s,High Growth Era,Plan 12,0,,Import,,UAE,ARE,Middle East,GCC,16020.0,6.0,249800,267000,,,,,,1238.7,,,,
Partner_Breakdown,2007,2000s,High Growth Era,Plan 12,0,,Import,,USA,USA,Americas,G7,16020.0,6.0,249800,267000,,,,,,1238.7,,,,
Partner_Breakdown,2007,2000s,High Growth Era,Plan 12,0,,Import,,Saudi Arabia,SAU,Middle East,OPEC,21360.0,8.0,249800,267000,,,,,,1238.7,,,,
Partner_Breakdown,2007,2000s,High Growth Era,Plan 12,0,,Import,,Russia,RUS,Europe,BRICS,2670.0,1.0,249800,267000,,,,,,1238.7,,,,
Partner_Breakdown,2007,2000s,High Growth Era,Plan 12,0,,Import,,Iraq,IRQ,Middle East,OPEC,10680.0,4.0,249800,267000,,,,,,1238.7,,,,
Partner_Breakdown,2007,2000s,High Growth Era,Plan 12,0,,Import,,South Korea,KOR,Asia,OECD,8010.0,3.0,249800,267000,,,,,,1238.7,,,,
Partner_Breakdown,2007,2000s,High Growth Era,Plan 12,0,,Import,,Australia,AUS,Oceania,OECD,5340.0,2.0,249800,267000,,,,,,1238.7,,,,
Partner_Breakdown,2007,2000s,High Growth Era,Plan 12,0,,Import,,Switzerland,CHE,Europe,OECD,5340.0,2.0,249800,267000,,,,,,1238.7,,,,
Partner_Breakdown,2007,2000s,High Growth Era,Plan 12,0,,Import,,Indonesia,IDN,Asia,ASEAN,5340.0,2.0,249800,267000,,,,,,1238.7,,,,
Partner_Breakdown,2008,2000s,High Growth Era,Plan 12,0,Global Financial Crisis,Export,,United States,USA,Americas,G7,49120.0,16.0,307000,374400,,,,,,1224.1,,,,
Partner_Breakdown,2008,2000s,High Growth Era,Plan 12,0,Global Financial Crisis,Export,,UAE,ARE,Middle East,GCC,24560.0,8.0,307000,374400,,,,,,1224.1,,,,
Partner_Breakdown,2008,2000s,High Growth Era,Plan 12,0,Global Financial Crisis,Export,,China,CHN,Asia,BRICS,9210.0,3.0,307000,374400,,,,,,1224.1,,,,
Partner_Breakdown,2008,2000s,High Growth Era,Plan 12,0,Global Financial Crisis,Export,,UK,GBR,Europe,G7,9210.0,3.0,307000,374400,,,,,,1224.1,,,,
Partner_Breakdown,2008,2000s,High Growth Era,Plan 12,0,Global Financial Crisis,Export,,Germany,DEU,Europe,EU,9210.0,3.0,307000,374400,,,,,,1224.1,,,,
Partner_Breakdown,2008,2000s,High Growth Era,Plan 12,0,Global Financial Crisis,Export,,Bangladesh,BGD,Asia,SAARC,6140.0,2.0,307000,374400,,,,,,1224.1,,,,
Partner_Breakdown,2008,2000s,High Growth Era,Plan 12,0,Global Financial Crisis,Export,,Singapore,SGP,Asia,ASEAN,6140.0,2.0,307000,374400,,,,,,1224.1,,,,
Partner_Breakdown,2008,2000s,High Growth Era,Plan 12,0,Global Financial Crisis,Export,,Netherlands,NLD,Europe,EU,9210.0,3.0,307000,374400,,,,,,1224.1,,,,
Partner_Breakdown,2008,2000s,High Growth Era,Plan 12,0,Global Financial Crisis,Export,,Hong Kong,HKG,Asia,Other,6140.0,2.0,307000,374400,,,,,,1224.1,,,,
Partner_Breakdown,2008,2000s,High Growth Era,Plan 12,0,Global Financial Crisis,Export,,Saudi Arabia,SAU,Middle East,OPEC,6140.0,2.0,307000,374400,,,,,,1224.1,,,,
Partner_Breakdown,2008,2000s,High Growth Era,Plan 12,0,Global Financial Crisis,Import,,China,CHN,Asia,BRICS,41184.0,11.0,307000,374400,,,,,,1224.1,,,,
Partner_Breakdown,2008,2000s,High Growth Era,Plan 12,0,Global Financial Crisis,Import,,UAE,ARE,Middle East,GCC,26208.0,7.0,307000,374400,,,,,,1224.1,,,,
Partner_Breakdown,2008,2000s,High Growth Era,Plan 12,0,Global Financial Crisis,Import,,USA,USA,Americas,G7,18720.0,5.0,307000,374400,,,,,,1224.1,,,,
Partner_Breakdown,2008,2000s,High Growth Era,Plan 12,0,Global Financial Crisis,Import,,Saudi Arabia,SAU,Middle East,OPEC,33696.0,9.0,307000,374400,,,,,,1224.1,,,,
Partner_Breakdown,2008,2000s,High Growth Era,Plan 12,0,Global Financial Crisis,Import,,Russia,RUS,Europe,BRICS,3744.0,1.0,307000,374400,,,,,,1224.1,,,,
Partner_Breakdown,2008,2000s,High Growth Era,Plan 12,0,Global Financial Crisis,Import,,Iraq,IRQ,Middle East,OPEC,14976.0,4.0,307000,374400,,,,,,1224.1,,,,
Partner_Breakdown,2008,2000s,High Growth Era,Plan 12,0,Global Financial Crisis,Import,,South Korea,KOR,Asia,OECD,11232.0,3.0,307000,374400,,,,,,1224.1,,,,
Partner_Breakdown,2008,2000s,High Growth Era,Plan 12,0,Global Financial Crisis,Import,,Australia,AUS,Oceania,OECD,7488.0,2.0,307000,374400,,,,,,1224.1,,,,
Partner_Breakdown,2008,2000s,High Growth Era,Plan 12,0,Global Financial Crisis,Import,,Switzerland,CHE,Europe,OECD,7488.0,2.0,307000,374400,,,,,,1224.1,,,,
Partner_Breakdown,2008,2000s,High Growth Era,Plan 12,0,Global Financial Crisis,Import,,Indonesia,IDN,Asia,ASEAN,7488.0,2.0,307000,374400,,,,,,1224.1,,,,
Partner_Breakdown,2009,2000s,High Growth Era,Plan 12,1,,Export,,United States,USA,Americas,G7,39615.0,15.0,264100,300600,,,,,,1365.4,,,,
Partner_Breakdown,2009,2000s,High Growth Era,Plan 12,1,,Export,,UAE,ARE,Middle East,GCC,23769.0,9.0,264100,300600,,,,,,1365.4,,,,
Partner_Breakdown,2009,2000s,High Growth Era,Plan 12,1,,Export,,China,CHN,Asia,BRICS,7923.0,3.0,264100,300600,,,,,,1365.4,,,,
Partner_Breakdown,2009,2000s,High Growth Era,Plan 12,1,,Export,,UK,GBR,Europe,G7,7923.0,3.0,264100,300600,,,,,,1365.4,,,,
Partner_Breakdown,2009,2000s,High Growth Era,Plan 12,1,,Export,,Germany,DEU,Europe,EU,7923.0,3.0,264100,300600,,,,,,1365.4,,,,
Partner_Breakdown,2009,2000s,High Growth Era,Plan 12,1,,Export,,Bangladesh,BGD,Asia,SAARC,7923.0,3.0,264100,300600,,,,,,1365.4,,,,
Partner_Breakdown,2009,2000s,High Growth Era,Plan 12,1,,Export,,Singapore,SGP,Asia,ASEAN,5282.0,2.0,264100,300600,,,,,,1365.4,,,,
Partner_Breakdown,2009,2000s,High Growth Era,Plan 12,1,,Export,,Netherlands,NLD,Europe,EU,7923.0,3.0,264100,300600,,,,,,1365.4,,,,
Partner_Breakdown,2009,2000s,High Growth Era,Plan 12,1,,Export,,Hong Kong,HKG,Asia,Other,5282.0,2.0,264100,300600,,,,,,1365.4,,,,
Partner_Breakdown,2009,2000s,High Growth Era,Plan 12,1,,Export,,Saudi Arabia,SAU,Middle East,OPEC,5282.0,2.0,264100,300600,,,,,,1365.4,,,,
Partner_Breakdown,2009,2000s,High Growth Era,Plan 12,1,,Import,,China,CHN,Asia,BRICS,36072.0,12.0,264100,300600,,,,,,1365.4,,,,
Partner_Breakdown,2009,2000s,High Growth Era,Plan 12,1,,Import,,UAE,ARE,Middle East,GCC,21042.0,7.0,264100,300600,,,,,,1365.4,,,,
Partner_Breakdown,2009,2000s,High Growth Era,Plan 12,1,,Import,,USA,USA,Americas,G7,15030.0,5.0,264100,300600,,,,,,1365.4,,,,
Partner_Breakdown,2009,2000s,High Growth Era,Plan 12,1,,Import,,Saudi Arabia,SAU,Middle East,OPEC,27054.0,9.0,264100,300600,,,,,,1365.4,,,,
Partner_Breakdown,2009,2000s,High Growth Era,Plan 12,1,,Import,,Russia,RUS,Europe,BRICS,3006.0,1.0,264100,300600,,,,,,1365.4,,,,
Partner_Breakdown,2009,2000s,High Growth Era,Plan 12,1,,Import,,Iraq,IRQ,Middle East,OPEC,15030.0,5.0,264100,300600,,,,,,1365.4,,,,
Partner_Breakdown,2009,2000s,High Growth Era,Plan 12,1,,Import,,South Korea,KOR,Asia,OECD,12024.0,4.0,264100,300600,,,,,,1365.4,,,,
Partner_Breakdown,2009,2000s,High Growth Era,Plan 12,1,,Import,,Australia,AUS,Oceania,OECD,9018.0,3.0,264100,300600,,,,,,1365.4,,,,
Partner_Breakdown,2009,2000s,High Growth Era,Plan 12,1,,Import,,Switzerland,CHE,Europe,OECD,6012.0,2.0,264100,300600,,,,,,1365.4,,,,
Partner_Breakdown,2009,2000s,High Growth Era,Plan 12,1,,Import,,Indonesia,IDN,Asia,ASEAN,6012.0,2.0,264100,300600,,,,,,1365.4,,,,
Partner_Breakdown,2010,2010s,High Growth Era,Plan 12,0,,Export,,United States,USA,Americas,G7,52682.0,14.0,376300,383500,,,,,,1708.5,,,,
Partner_Breakdown,2010,2010s,High Growth Era,Plan 12,0,,Export,,UAE,ARE,Middle East,GCC,33867.0,9.0,376300,383500,,,,,,1708.5,,,,
Partner_Breakdown,2010,2010s,High Growth Era,Plan 12,0,,Export,,China,CHN,Asia,BRICS,11289.0,3.0,376300,383500,,,,,,1708.5,,,,
Partner_Breakdown,2010,2010s,High Growth Era,Plan 12,0,,Export,,UK,GBR,Europe,G7,11289.0,3.0,376300,383500,,,,,,1708.5,,,,
Partner_Breakdown,2010,2010s,High Growth Era,Plan 12,0,,Export,,Germany,DEU,Europe,EU,11289.0,3.0,376300,383500,,,,,,1708.5,,,,
Partner_Breakdown,2010,2010s,High Growth Era,Plan 12,0,,Export,,Bangladesh,BGD,Asia,SAARC,11289.0,3.0,376300,383500,,,,,,1708.5,,,,
Partner_Breakdown,2010,2010s,High Growth Era,Plan 12,0,,Export,,Singapore,SGP,Asia,ASEAN,7526.0,2.0,376300,383500,,,,,,1708.5,,,,
Partner_Breakdown,2010,2010s,High Growth Era,Plan 12,0,,Export,,Netherlands,NLD,Europe,EU,11289.0,3.0,376300,383500,,,,,,1708.5,,,,
Partner_Breakdown,2010,2010s,High Growth Era,Plan 12,0,,Export,,Hong Kong,HKG,Asia,Other,7526.0,2.0,376300,383500,,,,,,1708.5,,,,
Partner_Breakdown,2010,2010s,High Growth Era,Plan 12,0,,Export,,Saudi Arabia,SAU,Middle East,OPEC,7526.0,2.0,376300,383500,,,,,,1708.5,,,,
Partner_Breakdown,2010,2010s,High Growth Era,Plan 12,0,,Import,,China,CHN,Asia,BRICS,46020.0,12.0,376300,383500,,,,,,1708.5,,,,
Partner_Breakdown,2010,2010s,High Growth Era,Plan 12,0,,Import,,UAE,ARE,Middle East,GCC,26845.0,7.0,376300,383500,,,,,,1708.5,,,,
Partner_Breakdown,2010,2010s,High Growth Era,Plan 12,0,,Import,,USA,USA,Americas,G7,19175.0,5.0,376300,383500,,,,,,1708.5,,,,
Partner_Breakdown,2010,2010s,High Growth Era,Plan 12,0,,Import,,Saudi Arabia,SAU,Middle East,OPEC,34515.0,9.0,376300,383500,,,,,,1708.5,,,,
Partner_Breakdown,2010,2010s,High Growth Era,Plan 12,0,,Import,,Russia,RUS,Europe,BRICS,3835.0,1.0,376300,383500,,,,,,1708.5,,,,
Partner_Breakdown,2010,2010s,High Growth Era,Plan 12,0,,Import,,Iraq,IRQ,Middle East,OPEC,19175.0,5.0,376300,383500,,,,,,1708.5,,,,
Partner_Breakdown,2010,2010s,High Growth Era,Plan 12,0,,Import,,South Korea,KOR,Asia,OECD,15340.0,4.0,376300,383500,,,,,,1708.5,,,,
Partner_Breakdown,2010,2010s,High Growth Era,Plan 12,0,,Import,,Australia,AUS,Oceania,OECD,11505.0,3.0,376300,383500,,,,,,1708.5,,,,
Partner_Breakdown,2010,2010s,High Growth Era,Plan 12,0,,Import,,Switzerland,CHE,Europe,OECD,11505.0,3.0,376300,383500,,,,,,1708.5,,,,
Partner_Breakdown,2010,2010s,High Growth Era,Plan 12,0,,Import,,Indonesia,IDN,Asia,ASEAN,7670.0,2.0,376300,383500,,,,,,1708.5,,,,
Partner_Breakdown,2011,2010s,High Growth Era,Plan 13,0,,Export,,United States,USA,Americas,G7,66066.0,14.0,471900,499400,,,,,,1823.0,,,,
Partner_Breakdown,2011,2010s,High Growth Era,Plan 13,0,,Export,,UAE,ARE,Middle East,GCC,42471.0,9.0,471900,499400,,,,,,1823.0,,,,
Partner_Breakdown,2011,2010s,High Growth Era,Plan 13,0,,Export,,China,CHN,Asia,BRICS,14157.0,3.0,471900,499400,,,,,,1823.0,,,,
Partner_Breakdown,2011,2010s,High Growth Era,Plan 13,0,,Export,,UK,GBR,Europe,G7,14157.0,3.0,471900,499400,,,,,,1823.0,,,,
Partner_Breakdown,2011,2010s,High Growth Era,Plan 13,0,,Export,,Germany,DEU,Europe,EU,14157.0,3.0,471900,499400,,,,,,1823.0,,,,
Partner_Breakdown,2011,2010s,High Growth Era,Plan 13,0,,Export,,Bangladesh,BGD,Asia,SAARC,14157.0,3.0,471900,499400,,,,,,1823.0,,,,
Partner_Breakdown,2011,2010s,High Growth Era,Plan 13,0,,Export,,Singapore,SGP,Asia,ASEAN,9438.0,2.0,471900,499400,,,,,,1823.0,,,,
Partner_Breakdown,2011,2010s,High Growth Era,Plan 13,0,,Export,,Netherlands,NLD,Europe,EU,14157.0,3.0,471900,499400,,,,,,1823.0,,,,
Partner_Breakdown,2011,2010s,High Growth Era,Plan 13,0,,Export,,Hong Kong,HKG,Asia,Other,9438.0,2.0,471900,499400,,,,,,1823.0,,,,
Partner_Breakdown,2011,2010s,High Growth Era,Plan 13,0,,Export,,Saudi Arabia,SAU,Middle East,OPEC,9438.0,2.0,471900,499400,,,,,,1823.0,,,,
Partner_Breakdown,2011,2010s,High Growth Era,Plan 13,0,,Import,,China,CHN,Asia,BRICS,64922.0,13.0,471900,499400,,,,,,1823.0,,,,
Partner_Breakdown,2011,2010s,High Growth Era,Plan 13,0,,Import,,UAE,ARE,Middle East,GCC,34958.0,7.0,471900,499400,,,,,,1823.0,,,,
Partner_Breakdown,2011,2010s,High Growth Era,Plan 13,0,,Import,,USA,USA,Americas,G7,24970.0,5.0,471900,499400,,,,,,1823.0,,,,
Partner_Breakdown,2011,2010s,High Growth Era,Plan 13,0,,Import,,Saudi Arabia,SAU,Middle East,OPEC,44946.0,9.0,471900,499400,,,,,,1823.0,,,,
Partner_Breakdown,2011,2010s,High Growth Era,Plan 13,0,,Import,,Russia,RUS,Europe,BRICS,4994.0,1.0,471900,499400,,,,,,1823.0,,,,
Partner_Breakdown,2011,2010s,High Growth Era,Plan 13,0,,Import,,Iraq,IRQ,Middle East,OPEC,24970.0,5.0,471900,499400,,,,,,1823.0,,,,
Partner_Breakdown,2011,2010s,High Growth Era,Plan 13,0,,Import,,South Korea,KOR,Asia,OECD,19976.0,4.0,471900,499400,,,,,,1823.0,,,,
Partner_Breakdown,2011,2010s,High Growth Era,Plan 13,0,,Import,,Australia,AUS,Oceania,OECD,14982.0,3.0,471900,499400,,,,,,1823.0,,,,
Partner_Breakdown,2011,2010s,High Growth Era,Plan 13,0,,Import,,Switzerland,CHE,Europe,OECD,14982.0,3.0,471900,499400,,,,,,1823.0,,,,
Partner_Breakdown,2011,2010s,High Growth Era,Plan 13,0,,Import,,Indonesia,IDN,Asia,ASEAN,9988.0,2.0,471900,499400,,,,,,1823.0,,,,
Partner_Breakdown,2012,2010s,High Growth Era,Plan 13,0,,Export,,United States,USA,Americas,G7,65296.0,14.0,466400,489300,,,,,,1827.6,,,,
Partner_Breakdown,2012,2010s,High Growth Era,Plan 13,0,,Export,,UAE,ARE,Middle East,GCC,41976.0,9.0,466400,489300,,,,,,1827.6,,,,
Partner_Breakdown,2012,2010s,High Growth Era,Plan 13,0,,Export,,China,CHN,Asia,BRICS,18656.0,4.0,466400,489300,,,,,,1827.6,,,,
Partner_Breakdown,2012,2010s,High Growth Era,Plan 13,0,,Export,,UK,GBR,Europe,G7,13992.0,3.0,466400,489300,,,,,,1827.6,,,,
Partner_Breakdown,2012,2010s,High Growth Era,Plan 13,0,,Export,,Germany,DEU,Europe,EU,13992.0,3.0,466400,489300,,,,,,1827.6,,,,
Partner_Breakdown,2012,2010s,High Growth Era,Plan 13,0,,Export,,Bangladesh,BGD,Asia,SAARC,13992.0,3.0,466400,489300,,,,,,1827.6,,,,
Partner_Breakdown,2012,2010s,High Growth Era,Plan 13,0,,Export,,Singapore,SGP,Asia,ASEAN,9328.0,2.0,466400,489300,,,,,,1827.6,,,,
Partner_Breakdown,2012,2010s,High Growth Era,Plan 13,0,,Export,,Netherlands,NLD,Europe,EU,13992.0,3.0,466400,489300,,,,,,1827.6,,,,
Partner_Breakdown,2012,2010s,High Growth Era,Plan 13,0,,Export,,Hong Kong,HKG,Asia,Other,9328.0,2.0,466400,489300,,,,,,1827.6,,,,
Partner_Breakdown,2012,2010s,High Growth Era,Plan 13,0,,Export,,Saudi Arabia,SAU,Middle East,OPEC,9328.0,2.0,466400,489300,,,,,,1827.6,,,,
Partner_Breakdown,2012,2010s,High Growth Era,Plan 13,0,,Import,,China,CHN,Asia,BRICS,63609.0,13.0,466400,489300,,,,,,1827.6,,,,
Partner_Breakdown,2012,2010s,High Growth Era,Plan 13,0,,Import,,UAE,ARE,Middle East,GCC,34251.0,7.0,466400,489300,,,,,,1827.6,,,,
Partner_Breakdown,2012,2010s,High Growth Era,Plan 13,0,,Import,,USA,USA,Americas,G7,24465.0,5.0,466400,489300,,,,,,1827.6,,,,
Partner_Breakdown,2012,2010s,High Growth Era,Plan 13,0,,Import,,Saudi Arabia,SAU,Middle East,OPEC,39144.0,8.0,466400,489300,,,,,,1827.6,,,,
Partner_Breakdown,2012,2010s,High Growth Era,Plan 13,0,,Import,,Russia,RUS,Europe,BRICS,4893.0,1.0,466400,489300,,,,,,1827.6,,,,
Partner_Breakdown,2012,2010s,High Growth Era,Plan 13,0,,Import,,Iraq,IRQ,Middle East,OPEC,24465.0,5.0,466400,489300,,,,,,1827.6,,,,
Partner_Breakdown,2012,2010s,High Growth Era,Plan 13,0,,Import,,South Korea,KOR,Asia,OECD,19572.0,4.0,466400,489300,,,,,,1827.6,,,,
Partner_Breakdown,2012,2010s,High Growth Era,Plan 13,0,,Import,,Australia,AUS,Oceania,OECD,14679.0,3.0,466400,489300,,,,,,1827.6,,,,
Partner_Breakdown,2012,2010s,High Growth Era,Plan 13,0,,Import,,Switzerland,CHE,Europe,OECD,14679.0,3.0,466400,489300,,,,,,1827.6,,,,
Partner_Breakdown,2012,2010s,High Growth Era,Plan 13,0,,Import,,Indonesia,IDN,Asia,ASEAN,9786.0,2.0,466400,489300,,,,,,1827.6,,,,
Partner_Breakdown,2013,2010s,High Growth Era,Plan 13,0,,Export,,United States,USA,Americas,G7,69930.0,15.0,466200,467000,,,,,,1856.7,,,,
Partner_Breakdown,2013,2010s,High Growth Era,Plan 13,0,,Export,,UAE,ARE,Middle East,GCC,41958.0,9.0,466200,467000,,,,,,1856.7,,,,
Partner_Breakdown,2013,2010s,High Growth Era,Plan 13,0,,Export,,China,CHN,Asia,BRICS,18648.0,4.0,466200,467000,,,,,,1856.7,,,,
Partner_Breakdown,2013,2010s,High Growth Era,Plan 13,0,,Export,,UK,GBR,Europe,G7,13986.0,3.0,466200,467000,,,,,,1856.7,,,,
Partner_Breakdown,2013,2010s,High Growth Era,Plan 13,0,,Export,,Germany,DEU,Europe,EU,13986.0,3.0,466200,467000,,,,,,1856.7,,,,
Partner_Breakdown,2013,2010s,High Growth Era,Plan 13,0,,Export,,Bangladesh,BGD,Asia,SAARC,13986.0,3.0,466200,467000,,,,,,1856.7,,,,
Partner_Breakdown,2013,2010s,High Growth Era,Plan 13,0,,Export,,Singapore,SGP,Asia,ASEAN,9324.0,2.0,466200,467000,,,,,,1856.7,,,,
Partner_Breakdown,2013,2010s,High Growth Era,Plan 13,0,,Export,,Netherlands,NLD,Europe,EU,13986.0,3.0,466200,467000,,,,,,1856.7,,,,
Partner_Breakdown,2013,2010s,High Growth Era,Plan 13,0,,Export,,Hong Kong,HKG,Asia,Other,9324.0,2.0,466200,467000,,,,,,1856.7,,,,
Partner_Breakdown,2013,2010s,High Growth Era,Plan 13,0,,Export,,Saudi Arabia,SAU,Middle East,OPEC,9324.0,2.0,466200,467000,,,,,,1856.7,,,,
Partner_Breakdown,2013,2010s,High Growth Era,Plan 13,0,,Import,,China,CHN,Asia,BRICS,60710.0,13.0,466200,467000,,,,,,1856.7,,,,
Partner_Breakdown,2013,2010s,High Growth Era,Plan 13,0,,Import,,UAE,ARE,Middle East,GCC,32690.0,7.0,466200,467000,,,,,,1856.7,,,,
Partner_Breakdown,2013,2010s,High Growth Era,Plan 13,0,,Import,,USA,USA,Americas,G7,23350.0,5.0,466200,467000,,,,,,1856.7,,,,
Partner_Breakdown,2013,2010s,High Growth Era,Plan 13,0,,Import,,Saudi Arabia,SAU,Middle East,OPEC,32690.0,7.0,466200,467000,,,,,,1856.7,,,,
Partner_Breakdown,2013,2010s,High Growth Era,Plan 13,0,,Import,,Russia,RUS,Europe,BRICS,4670.0,1.0,466200,467000,,,,,,1856.7,,,,
Partner_Breakdown,2013,2010s,High Growth Era,Plan 13,0,,Import,,Iraq,IRQ,Middle East,OPEC,23350.0,5.0,466200,467000,,,,,,1856.7,,,,
Partner_Breakdown,2013,2010s,High Growth Era,Plan 13,0,,Import,,South Korea,KOR,Asia,OECD,18680.0,4.0,466200,467000,,,,,,1856.7,,,,
Partner_Breakdown,2013,2010s,High Growth Era,Plan 13,0,,Import,,Australia,AUS,Oceania,OECD,14010.0,3.0,466200,467000,,,,,,1856.7,,,,
Partner_Breakdown,2013,2010s,High Growth Era,Plan 13,0,,Import,,Switzerland,CHE,Europe,OECD,14010.0,3.0,466200,467000,,,,,,1856.7,,,,
Partner_Breakdown,2013,2010s,High Growth Era,Plan 13,0,,Import,,Indonesia,IDN,Asia,ASEAN,9340.0,2.0,466200,467000,,,,,,1856.7,,,,
Partner_Breakdown,2014,2010s,Digital India Era,Plan 13,1,,Export,,United States,USA,Americas,G7,76480.0,16.0,478000,462000,,,,,,2039.1,,,,
Partner_Breakdown,2014,2010s,Digital India Era,Plan 13,1,,Export,,UAE,ARE,Middle East,GCC,43020.0,9.0,478000,462000,,,,,,2039.1,,,,
Partner_Breakdown,2014,2010s,Digital India Era,Plan 13,1,,Export,,China,CHN,Asia,BRICS,19120.0,4.0,478000,462000,,,,,,2039.1,,,,
Partner_Breakdown,2014,2010s,Digital India Era,Plan 13,1,,Export,,UK,GBR,Europe,G7,14340.0,3.0,478000,462000,,,,,,2039.1,,,,
Partner_Breakdown,2014,2010s,Digital India Era,Plan 13,1,,Export,,Germany,DEU,Europe,EU,14340.0,3.0,478000,462000,,,,,,2039.1,,,,
Partner_Breakdown,2014,2010s,Digital India Era,Plan 13,1,,Export,,Bangladesh,BGD,Asia,SAARC,14340.0,3.0,478000,462000,,,,,,2039.1,,,,
Partner_Breakdown,2014,2010s,Digital India Era,Plan 13,1,,Export,,Singapore,SGP,Asia,ASEAN,9560.0,2.0,478000,462000,,,,,,2039.1,,,,
Partner_Breakdown,2014,2010s,Digital India Era,Plan 13,1,,Export,,Netherlands,NLD,Europe,EU,14340.0,3.0,478000,462000,,,,,,2039.1,,,,
Partner_Breakdown,2014,2010s,Digital India Era,Plan 13,1,,Export,,Hong Kong,HKG,Asia,Other,9560.0,2.0,478000,462000,,,,,,2039.1,,,,
Partner_Breakdown,2014,2010s,Digital India Era,Plan 13,1,,Export,,Saudi Arabia,SAU,Middle East,OPEC,9560.0,2.0,478000,462000,,,,,,2039.1,,,,
Partner_Breakdown,2014,2010s,Digital India Era,Plan 13,1,,Import,,China,CHN,Asia,BRICS,64680.0,14.0,478000,462000,,,,,,2039.1,,,,
Partner_Breakdown,2014,2010s,Digital India Era,Plan 13,1,,Import,,UAE,ARE,Middle East,GCC,27720.0,6.0,478000,462000,,,,,,2039.1,,,,
Partner_Breakdown,2014,2010s,Digital India Era,Plan 13,1,,Import,,USA,USA,Americas,G7,27720.0,6.0,478000,462000,,,,,,2039.1,,,,
Partner_Breakdown,2014,2010s,Digital India Era,Plan 13,1,,Import,,Saudi Arabia,SAU,Middle East,OPEC,27720.0,6.0,478000,462000,,,,,,2039.1,,,,
Partner_Breakdown,2014,2010s,Digital India Era,Plan 13,1,,Import,,Russia,RUS,Europe,BRICS,4620.0,1.0,478000,462000,,,,,,2039.1,,,,
Partner_Breakdown,2014,2010s,Digital India Era,Plan 13,1,,Import,,Iraq,IRQ,Middle East,OPEC,18480.0,4.0,478000,462000,,,,,,2039.1,,,,
Partner_Breakdown,2014,2010s,Digital India Era,Plan 13,1,,Import,,South Korea,KOR,Asia,OECD,18480.0,4.0,478000,462000,,,,,,2039.1,,,,
Partner_Breakdown,2014,2010s,Digital India Era,Plan 13,1,,Import,,Australia,AUS,Oceania,OECD,13860.0,3.0,478000,462000,,,,,,2039.1,,,,
Partner_Breakdown,2014,2010s,Digital India Era,Plan 13,1,,Import,,Switzerland,CHE,Europe,OECD,13860.0,3.0,478000,462000,,,,,,2039.1,,,,
Partner_Breakdown,2014,2010s,Digital India Era,Plan 13,1,,Import,,Indonesia,IDN,Asia,ASEAN,13860.0,3.0,478000,462000,,,,,,2039.1,,,,
Partner_Breakdown,2015,2010s,Digital India Era,Plan 13,0,,Export,,United States,USA,Americas,G7,68160.0,16.0,426000,392000,,,,,,2103.6,,,,
Partner_Breakdown,2015,2010s,Digital India Era,Plan 13,0,,Export,,UAE,ARE,Middle East,GCC,38340.0,9.0,426000,392000,,,,,,2103.6,,,,
Partner_Breakdown,2015,2010s,Digital India Era,Plan 13,0,,Export,,China,CHN,Asia,BRICS,17040.0,4.0,426000,392000,,,,,,2103.6,,,,
Partner_Breakdown,2015,2010s,Digital India Era,Plan 13,0,,Export,,UK,GBR,Europe,G7,12780.0,3.0,426000,392000,,,,,,2103.6,,,,
Partner_Breakdown,2015,2010s,Digital India Era,Plan 13,0,,Export,,Germany,DEU,Europe,EU,12780.0,3.0,426000,392000,,,,,,2103.6,,,,
Partner_Breakdown,2015,2010s,Digital India Era,Plan 13,0,,Export,,Bangladesh,BGD,Asia,SAARC,12780.0,3.0,426000,392000,,,,,,2103.6,,,,
Partner_Breakdown,2015,2010s,Digital India Era,Plan 13,0,,Export,,Singapore,SGP,Asia,ASEAN,8520.0,2.0,426000,392000,,,,,,2103.6,,,,
Partner_Breakdown,2015,2010s,Digital India Era,Plan 13,0,,Export,,Netherlands,NLD,Europe,EU,12780.0,3.0,426000,392000,,,,,,2103.6,,,,
Partner_Breakdown,2015,2010s,Digital India Era,Plan 13,0,,Export,,Hong Kong,HKG,Asia,Other,8520.0,2.0,426000,392000,,,,,,2103.6,,,,
Partner_Breakdown,2015,2010s,Digital India Era,Plan 13,0,,Export,,Saudi Arabia,SAU,Middle East,OPEC,8520.0,2.0,426000,392000,,,,,,2103.6,,,,
Partner_Breakdown,2015,2010s,Digital India Era,Plan 13,0,,Import,,China,CHN,Asia,BRICS,58800.0,15.0,426000,392000,,,,,,2103.6,,,,
Partner_Breakdown,2015,2010s,Digital India Era,Plan 13,0,,Import,,UAE,ARE,Middle East,GCC,23520.0,6.0,426000,392000,,,,,,2103.6,,,,
Partner_Breakdown,2015,2010s,Digital India Era,Plan 13,0,,Import,,USA,USA,Americas,G7,23520.0,6.0,426000,392000,,,,,,2103.6,,,,
Partner_Breakdown,2015,2010s,Digital India Era,Plan 13,0,,Import,,Saudi Arabia,SAU,Middle East,OPEC,23520.0,6.0,426000,392000,,,,,,2103.6,,,,
Partner_Breakdown,2015,2010s,Digital India Era,Plan 13,0,,Import,,Russia,RUS,Europe,BRICS,3920.0,1.0,426000,392000,,,,,,2103.6,,,,
Partner_Breakdown,2015,2010s,Digital India Era,Plan 13,0,,Import,,Iraq,IRQ,Middle East,OPEC,15680.0,4.0,426000,392000,,,,,,2103.6,,,,
Partner_Breakdown,2015,2010s,Digital India Era,Plan 13,0,,Import,,South Korea,KOR,Asia,OECD,15680.0,4.0,426000,392000,,,,,,2103.6,,,,
Partner_Breakdown,2015,2010s,Digital India Era,Plan 13,0,,Import,,Australia,AUS,Oceania,OECD,15680.0,4.0,426000,392000,,,,,,2103.6,,,,
Partner_Breakdown,2015,2010s,Digital India Era,Plan 13,0,,Import,,Switzerland,CHE,Europe,OECD,11760.0,3.0,426000,392000,,,,,,2103.6,,,,
Partner_Breakdown,2015,2010s,Digital India Era,Plan 13,0,,Import,,Indonesia,IDN,Asia,ASEAN,11760.0,3.0,426000,392000,,,,,,2103.6,,,,
Partner_Breakdown,2016,2010s,Digital India Era,Plan 13,0,Demonetisation,Export,,United States,USA,Americas,G7,64272.0,16.0,401700,383800,,,,,,2294.8,,,,
Partner_Breakdown,2016,2010s,Digital India Era,Plan 13,0,Demonetisation,Export,,UAE,ARE,Middle East,GCC,36153.0,9.0,401700,383800,,,,,,2294.8,,,,
Partner_Breakdown,2016,2010s,Digital India Era,Plan 13,0,Demonetisation,Export,,China,CHN,Asia,BRICS,16068.0,4.0,401700,383800,,,,,,2294.8,,,,
Partner_Breakdown,2016,2010s,Digital India Era,Plan 13,0,Demonetisation,Export,,UK,GBR,Europe,G7,12051.0,3.0,401700,383800,,,,,,2294.8,,,,
Partner_Breakdown,2016,2010s,Digital India Era,Plan 13,0,Demonetisation,Export,,Germany,DEU,Europe,EU,12051.0,3.0,401700,383800,,,,,,2294.8,,,,
Partner_Breakdown,2016,2010s,Digital India Era,Plan 13,0,Demonetisation,Export,,Bangladesh,BGD,Asia,SAARC,12051.0,3.0,401700,383800,,,,,,2294.8,,,,
Partner_Breakdown,2016,2010s,Digital India Era,Plan 13,0,Demonetisation,Export,,Singapore,SGP,Asia,ASEAN,8034.0,2.0,401700,383800,,,,,,2294.8,,,,
Partner_Breakdown,2016,2010s,Digital India Era,Plan 13,0,Demonetisation,Export,,Netherlands,NLD,Europe,EU,12051.0,3.0,401700,383800,,,,,,2294.8,,,,
Partner_Breakdown,2016,2010s,Digital India Era,Plan 13,0,Demonetisation,Export,,Hong Kong,HKG,Asia,Other,8034.0,2.0,401700,383800,,,,,,2294.8,,,,
Partner_Breakdown,2016,2010s,Digital India Era,Plan 13,0,Demonetisation,Export,,Saudi Arabia,SAU,Middle East,OPEC,8034.0,2.0,401700,383800,,,,,,2294.8,,,,
Partner_Breakdown,2016,2010s,Digital India Era,Plan 13,0,Demonetisation,Import,,China,CHN,Asia,BRICS,57570.0,15.0,401700,383800,,,,,,2294.8,,,,
Partner_Breakdown,2016,2010s,Digital India Era,Plan 13,0,Demonetisation,Import,,UAE,ARE,Middle East,GCC,23028.0,6.0,401700,383800,,,,,,2294.8,,,,
Partner_Breakdown,2016,2010s,Digital India Era,Plan 13,0,Demonetisation,Import,,USA,USA,Americas,G7,23028.0,6.0,401700,383800,,,,,,2294.8,,,,
Partner_Breakdown,2016,2010s,Digital India Era,Plan 13,0,Demonetisation,Import,,Saudi Arabia,SAU,Middle East,OPEC,23028.0,6.0,401700,383800,,,,,,2294.8,,,,
Partner_Breakdown,2016,2010s,Digital India Era,Plan 13,0,Demonetisation,Import,,Russia,RUS,Europe,BRICS,3838.0,1.0,401700,383800,,,,,,2294.8,,,,
Partner_Breakdown,2016,2010s,Digital India Era,Plan 13,0,Demonetisation,Import,,Iraq,IRQ,Middle East,OPEC,19190.0,5.0,401700,383800,,,,,,2294.8,,,,
Partner_Breakdown,2016,2010s,Digital India Era,Plan 13,0,Demonetisation,Import,,South Korea,KOR,Asia,OECD,15352.0,4.0,401700,383800,,,,,,2294.8,,,,
Partner_Breakdown,2016,2010s,Digital India Era,Plan 13,0,Demonetisation,Import,,Australia,AUS,Oceania,OECD,15352.0,4.0,401700,383800,,,,,,2294.8,,,,
Partner_Breakdown,2016,2010s,Digital India Era,Plan 13,0,Demonetisation,Import,,Switzerland,CHE,Europe,OECD,11514.0,3.0,401700,383800,,,,,,2294.8,,,,
Partner_Breakdown,2016,2010s,Digital India Era,Plan 13,0,Demonetisation,Import,,Indonesia,IDN,Asia,ASEAN,11514.0,3.0,401700,383800,,,,,,2294.8,,,,
Partner_Breakdown,2017,2010s,Digital India Era,Plan 13,0,GST Implementation,Export,,United States,USA,Americas,G7,77408.0,16.0,483800,477700,,,,,,2651.5,,,,
Partner_Breakdown,2017,2010s,Digital India Era,Plan 13,0,GST Implementation,Export,,UAE,ARE,Middle East,GCC,43542.0,9.0,483800,477700,,,,,,2651.5,,,,
Partner_Breakdown,2017,2010s,Digital India Era,Plan 13,0,GST Implementation,Export,,China,CHN,Asia,BRICS,19352.0,4.0,483800,477700,,,,,,2651.5,,,,
Partner_Breakdown,2017,2010s,Digital India Era,Plan 13,0,GST Implementation,Export,,UK,GBR,Europe,G7,14514.0,3.0,483800,477700,,,,,,2651.5,,,,
Partner_Breakdown,2017,2010s,Digital India Era,Plan 13,0,GST Implementation,Export,,Germany,DEU,Europe,EU,14514.0,3.0,483800,477700,,,,,,2651.5,,,,
Partner_Breakdown,2017,2010s,Digital India Era,Plan 13,0,GST Implementation,Export,,Bangladesh,BGD,Asia,SAARC,14514.0,3.0,483800,477700,,,,,,2651.5,,,,
Partner_Breakdown,2017,2010s,Digital India Era,Plan 13,0,GST Implementation,Export,,Singapore,SGP,Asia,ASEAN,9676.0,2.0,483800,477700,,,,,,2651.5,,,,
Partner_Breakdown,2017,2010s,Digital India Era,Plan 13,0,GST Implementation,Export,,Netherlands,NLD,Europe,EU,14514.0,3.0,483800,477700,,,,,,2651.5,,,,
Partner_Breakdown,2017,2010s,Digital India Era,Plan 13,0,GST Implementation,Export,,Hong Kong,HKG,Asia,Other,9676.0,2.0,483800,477700,,,,,,2651.5,,,,
Partner_Breakdown,2017,2010s,Digital India Era,Plan 13,0,GST Implementation,Export,,Saudi Arabia,SAU,Middle East,OPEC,9676.0,2.0,483800,477700,,,,,,2651.5,,,,
Partner_Breakdown,2017,2010s,Digital India Era,Plan 13,0,GST Implementation,Import,,China,CHN,Asia,BRICS,71655.0,15.0,483800,477700,,,,,,2651.5,,,,
Partner_Breakdown,2017,2010s,Digital India Era,Plan 13,0,GST Implementation,Import,,UAE,ARE,Middle East,GCC,28662.0,6.0,483800,477700,,,,,,2651.5,,,,
Partner_Breakdown,2017,2010s,Digital India Era,Plan 13,0,GST Implementation,Import,,USA,USA,Americas,G7,28662.0,6.0,483800,477700,,,,,,2651.5,,,,
Partner_Breakdown,2017,2010s,Digital India Era,Plan 13,0,GST Implementation,Import,,Saudi Arabia,SAU,Middle East,OPEC,28662.0,6.0,483800,477700,,,,,,2651.5,,,,
Partner_Breakdown,2017,2010s,Digital India Era,Plan 13,0,GST Implementation,Import,,Russia,RUS,Europe,BRICS,4777.0,1.0,483800,477700,,,,,,2651.5,,,,
Partner_Breakdown,2017,2010s,Digital India Era,Plan 13,0,GST Implementation,Import,,Iraq,IRQ,Middle East,OPEC,23885.0,5.0,483800,477700,,,,,,2651.5,,,,
Partner_Breakdown,2017,2010s,Digital India Era,Plan 13,0,GST Implementation,Import,,South Korea,KOR,Asia,OECD,19108.0,4.0,483800,477700,,,,,,2651.5,,,,
Partner_Breakdown,2017,2010s,Digital India Era,Plan 13,0,GST Implementation,Import,,Australia,AUS,Oceania,OECD,19108.0,4.0,483800,477700,,,,,,2651.5,,,,
Partner_Breakdown,2017,2010s,Digital India Era,Plan 13,0,GST Implementation,Import,,Switzerland,CHE,Europe,OECD,14331.0,3.0,483800,477700,,,,,,2651.5,,,,
Partner_Breakdown,2017,2010s,Digital India Era,Plan 13,0,GST Implementation,Import,,Indonesia,IDN,Asia,ASEAN,14331.0,3.0,483800,477700,,,,,,2651.5,,,,
Partner_Breakdown,2018,2010s,Digital India Era,Plan 13,0,,Export,,United States,USA,Americas,G7,85600.0,16.0,535000,617000,,,,,,2713.2,,,,
Partner_Breakdown,2018,2010s,Digital India Era,Plan 13,0,,Export,,UAE,ARE,Middle East,GCC,48150.0,9.0,535000,617000,,,,,,2713.2,,,,
Partner_Breakdown,2018,2010s,Digital India Era,Plan 13,0,,Export,,China,CHN,Asia,BRICS,21400.0,4.0,535000,617000,,,,,,2713.2,,,,
Partner_Breakdown,2018,2010s,Digital India Era,Plan 13,0,,Export,,UK,GBR,Europe,G7,16050.0,3.0,535000,617000,,,,,,2713.2,,,,
Partner_Breakdown,2018,2010s,Digital India Era,Plan 13,0,,Export,,Germany,DEU,Europe,EU,16050.0,3.0,535000,617000,,,,,,2713.2,,,,
Partner_Breakdown,2018,2010s,Digital India Era,Plan 13,0,,Export,,Bangladesh,BGD,Asia,SAARC,16050.0,3.0,535000,617000,,,,,,2713.2,,,,
Partner_Breakdown,2018,2010s,Digital India Era,Plan 13,0,,Export,,Singapore,SGP,Asia,ASEAN,10700.0,2.0,535000,617000,,,,,,2713.2,,,,
Partner_Breakdown,2018,2010s,Digital India Era,Plan 13,0,,Export,,Netherlands,NLD,Europe,EU,16050.0,3.0,535000,617000,,,,,,2713.2,,,,
Partner_Breakdown,2018,2010s,Digital India Era,Plan 13,0,,Export,,Hong Kong,HKG,Asia,Other,10700.0,2.0,535000,617000,,,,,,2713.2,,,,
Partner_Breakdown,2018,2010s,Digital India Era,Plan 13,0,,Export,,Saudi Arabia,SAU,Middle East,OPEC,10700.0,2.0,535000,617000,,,,,,2713.2,,,,
Partner_Breakdown,2018,2010s,Digital India Era,Plan 13,0,,Import,,China,CHN,Asia,BRICS,86380.0,14.0,535000,617000,,,,,,2713.2,,,,
Partner_Breakdown,2018,2010s,Digital India Era,Plan 13,0,,Import,,UAE,ARE,Middle East,GCC,37020.0,6.0,535000,617000,,,,,,2713.2,,,,
Partner_Breakdown,2018,2010s,Digital India Era,Plan 13,0,,Import,,USA,USA,Americas,G7,37020.0,6.0,535000,617000,,,,,,2713.2,,,,
Partner_Breakdown,2018,2010s,Digital India Era,Plan 13,0,,Import,,Saudi Arabia,SAU,Middle East,OPEC,37020.0,6.0,535000,617000,,,,,,2713.2,,,,
Partner_Breakdown,2018,2010s,Digital India Era,Plan 13,0,,Import,,Russia,RUS,Europe,BRICS,6170.0,1.0,535000,617000,,,,,,2713.2,,,,
Partner_Breakdown,2018,2010s,Digital India Era,Plan 13,0,,Import,,Iraq,IRQ,Middle East,OPEC,30850.0,5.0,535000,617000,,,,,,2713.2,,,,
Partner_Breakdown,2018,2010s,Digital India Era,Plan 13,0,,Import,,South Korea,KOR,Asia,OECD,24680.0,4.0,535000,617000,,,,,,2713.2,,,,
Partner_Breakdown,2018,2010s,Digital India Era,Plan 13,0,,Import,,Australia,AUS,Oceania,OECD,18510.0,3.0,535000,617000,,,,,,2713.2,,,,
Partner_Breakdown,2018,2010s,Digital India Era,Plan 13,0,,Import,,Switzerland,CHE,Europe,OECD,18510.0,3.0,535000,617000,,,,,,2713.2,,,,
Partner_Breakdown,2018,2010s,Digital India Era,Plan 13,0,,Import,,Indonesia,IDN,Asia,ASEAN,18510.0,3.0,535000,617000,,,,,,2713.2,,,,
Partner_Breakdown,2019,2010s,Digital India Era,Plan 13,1,,Export,,United States,USA,Americas,G7,89845.0,17.0,528500,590000,,,,,,2869.0,,,,
Partner_Breakdown,2019,2010s,Digital India Era,Plan 13,1,,Export,,UAE,ARE,Middle East,GCC,47565.0,9.0,528500,590000,,,,,,2869.0,,,,
Partner_Breakdown,2019,2010s,Digital India Era,Plan 13,1,,Export,,China,CHN,Asia,BRICS,21140.0,4.0,528500,590000,,,,,,2869.0,,,,
Partner_Breakdown,2019,2010s,Digital India Era,Plan 13,1,,Export,,UK,GBR,Europe,G7,15855.0,3.0,528500,590000,,,,,,2869.0,,,,
Partner_Breakdown,2019,2010s,Digital India Era,Plan 13,1,,Export,,Germany,DEU,Europe,EU,15855.0,3.0,528500,590000,,,,,,2869.0,,,,
Partner_Breakdown,2019,2010s,Digital India Era,Plan 13,1,,Export,,Bangladesh,BGD,Asia,SAARC,15855.0,3.0,528500,590000,,,,,,2869.0,,,,
Partner_Breakdown,2019,2010s,Digital India Era,Plan 13,1,,Export,,Singapore,SGP,Asia,ASEAN,10570.0,2.0,528500,590000,,,,,,2869.0,,,,
Partner_Breakdown,2019,2010s,Digital India Era,Plan 13,1,,Export,,Netherlands,NLD,Europe,EU,15855.0,3.0,528500,590000,,,,,,2869.0,,,,
Partner_Breakdown,2019,2010s,Digital India Era,Plan 13,1,,Export,,Hong Kong,HKG,Asia,Other,10570.0,2.0,528500,590000,,,,,,2869.0,,,,
Partner_Breakdown,2019,2010s,Digital India Era,Plan 13,1,,Export,,Saudi Arabia,SAU,Middle East,OPEC,10570.0,2.0,528500,590000,,,,,,2869.0,,,,
Partner_Breakdown,2019,2010s,Digital India Era,Plan 13,1,,Import,,China,CHN,Asia,BRICS,82600.0,14.0,528500,590000,,,,,,2869.0,,,,
Partner_Breakdown,2019,2010s,Digital India Era,Plan 13,1,,Import,,UAE,ARE,Middle East,GCC,35400.0,6.0,528500,590000,,,,,,2869.0,,,,
Partner_Breakdown,2019,2010s,Digital India Era,Plan 13,1,,Import,,USA,USA,Americas,G7,41300.0,7.0,528500,590000,,,,,,2869.0,,,,
Partner_Breakdown,2019,2010s,Digital India Era,Plan 13,1,,Import,,Saudi Arabia,SAU,Middle East,OPEC,29500.0,5.0,528500,590000,,,,,,2869.0,,,,
Partner_Breakdown,2019,2010s,Digital India Era,Plan 13,1,,Import,,Russia,RUS,Europe,BRICS,5900.0,1.0,528500,590000,,,,,,2869.0,,,,
Partner_Breakdown,2019,2010s,Digital India Era,Plan 13,1,,Import,,Iraq,IRQ,Middle East,OPEC,23600.0,4.0,528500,590000,,,,,,2869.0,,,,
Partner_Breakdown,2019,2010s,Digital India Era,Plan 13,1,,Import,,South Korea,KOR,Asia,OECD,23600.0,4.0,528500,590000,,,,,,2869.0,,,,
Partner_Breakdown,2019,2010s,Digital India Era,Plan 13,1,,Import,,Australia,AUS,Oceania,OECD,17700.0,3.0,528500,590000,,,,,,2869.0,,,,
Partner_Breakdown,2019,2010s,Digital India Era,Plan 13,1,,Import,,Switzerland,CHE,Europe,OECD,17700.0,3.0,528500,590000,,,,,,2869.0,,,,
Partner_Breakdown,2019,2010s,Digital India Era,Plan 13,1,,Import,,Indonesia,IDN,Asia,ASEAN,17700.0,3.0,528500,590000,,,,,,2869.0,,,,
Partner_Breakdown,2020,2020s,Digital India Era,Plan 13,0,COVID-19 Pandemic,Export,,United States,USA,Americas,G7,89946.0,18.0,499700,510200,,,,,,2671.6,,,,
Partner_Breakdown,2020,2020s,Digital India Era,Plan 13,0,COVID-19 Pandemic,Export,,UAE,ARE,Middle East,GCC,44973.0,9.0,499700,510200,,,,,,2671.6,,,,
Partner_Breakdown,2020,2020s,Digital India Era,Plan 13,0,COVID-19 Pandemic,Export,,China,CHN,Asia,BRICS,19988.0,4.0,499700,510200,,,,,,2671.6,,,,
Partner_Breakdown,2020,2020s,Digital India Era,Plan 13,0,COVID-19 Pandemic,Export,,UK,GBR,Europe,G7,14991.0,3.0,499700,510200,,,,,,2671.6,,,,
Partner_Breakdown,2020,2020s,Digital India Era,Plan 13,0,COVID-19 Pandemic,Export,,Germany,DEU,Europe,EU,14991.0,3.0,499700,510200,,,,,,2671.6,,,,
Partner_Breakdown,2020,2020s,Digital India Era,Plan 13,0,COVID-19 Pandemic,Export,,Bangladesh,BGD,Asia,SAARC,14991.0,3.0,499700,510200,,,,,,2671.6,,,,
Partner_Breakdown,2020,2020s,Digital India Era,Plan 13,0,COVID-19 Pandemic,Export,,Singapore,SGP,Asia,ASEAN,9994.0,2.0,499700,510200,,,,,,2671.6,,,,
Partner_Breakdown,2020,2020s,Digital India Era,Plan 13,0,COVID-19 Pandemic,Export,,Netherlands,NLD,Europe,EU,14991.0,3.0,499700,510200,,,,,,2671.6,,,,
Partner_Breakdown,2020,2020s,Digital India Era,Plan 13,0,COVID-19 Pandemic,Export,,Hong Kong,HKG,Asia,Other,9994.0,2.0,499700,510200,,,,,,2671.6,,,,
Partner_Breakdown,2020,2020s,Digital India Era,Plan 13,0,COVID-19 Pandemic,Export,,Saudi Arabia,SAU,Middle East,OPEC,9994.0,2.0,499700,510200,,,,,,2671.6,,,,
Partner_Breakdown,2020,2020s,Digital India Era,Plan 13,0,COVID-19 Pandemic,Import,,China,CHN,Asia,BRICS,76530.0,15.0,499700,510200,,,,,,2671.6,,,,
Partner_Breakdown,2020,2020s,Digital India Era,Plan 13,0,COVID-19 Pandemic,Import,,UAE,ARE,Middle East,GCC,35714.0,7.0,499700,510200,,,,,,2671.6,,,,
Partner_Breakdown,2020,2020s,Digital India Era,Plan 13,0,COVID-19 Pandemic,Import,,USA,USA,Americas,G7,35714.0,7.0,499700,510200,,,,,,2671.6,,,,
Partner_Breakdown,2020,2020s,Digital India Era,Plan 13,0,COVID-19 Pandemic,Import,,Saudi Arabia,SAU,Middle East,OPEC,30612.0,6.0,499700,510200,,,,,,2671.6,,,,
Partner_Breakdown,2020,2020s,Digital India Era,Plan 13,0,COVID-19 Pandemic,Import,,Russia,RUS,Europe,BRICS,10204.0,2.0,499700,510200,,,,,,2671.6,,,,
Partner_Breakdown,2020,2020s,Digital India Era,Plan 13,0,COVID-19 Pandemic,Import,,Iraq,IRQ,Middle East,OPEC,20408.0,4.0,499700,510200,,,,,,2671.6,,,,
Partner_Breakdown,2020,2020s,Digital India Era,Plan 13,0,COVID-19 Pandemic,Import,,South Korea,KOR,Asia,OECD,20408.0,4.0,499700,510200,,,,,,2671.6,,,,
Partner_Breakdown,2020,2020s,Digital India Era,Plan 13,0,COVID-19 Pandemic,Import,,Australia,AUS,Oceania,OECD,15306.0,3.0,499700,510200,,,,,,2671.6,,,,
Partner_Breakdown,2020,2020s,Digital India Era,Plan 13,0,COVID-19 Pandemic,Import,,Switzerland,CHE,Europe,OECD,15306.0,3.0,499700,510200,,,,,,2671.6,,,,
Partner_Breakdown,2020,2020s,Digital India Era,Plan 13,0,COVID-19 Pandemic,Import,,Indonesia,IDN,Asia,ASEAN,15306.0,3.0,499700,510200,,,,,,2671.6,,,,
Partner_Breakdown,2021,2020s,Digital India Era,Plan 13,0,,Export,,United States,USA,Americas,G7,122004.0,18.0,677800,760900,,,,,,3150.3,,,,
Partner_Breakdown,2021,2020s,Digital India Era,Plan 13,0,,Export,,UAE,ARE,Middle East,GCC,54224.0,8.0,677800,760900,,,,,,3150.3,,,,
Partner_Breakdown,2021,2020s,Digital India Era,Plan 13,0,,Export,,China,CHN,Asia,BRICS,20334.0,3.0,677800,760900,,,,,,3150.3,,,,
Partner_Breakdown,2021,2020s,Digital India Era,Plan 13,0,,Export,,UK,GBR,Europe,G7,20334.0,3.0,677800,760900,,,,,,3150.3,,,,
Partner_Breakdown,2021,2020s,Digital India Era,Plan 13,0,,Export,,Germany,DEU,Europe,EU,20334.0,3.0,677800,760900,,,,,,3150.3,,,,
Partner_Breakdown,2021,2020s,Digital India Era,Plan 13,0,,Export,,Bangladesh,BGD,Asia,SAARC,20334.0,3.0,677800,760900,,,,,,3150.3,,,,
Partner_Breakdown,2021,2020s,Digital India Era,Plan 13,0,,Export,,Singapore,SGP,Asia,ASEAN,13556.0,2.0,677800,760900,,,,,,3150.3,,,,
Partner_Breakdown,2021,2020s,Digital India Era,Plan 13,0,,Export,,Netherlands,NLD,Europe,EU,20334.0,3.0,677800,760900,,,,,,3150.3,,,,
Partner_Breakdown,2021,2020s,Digital India Era,Plan 13,0,,Export,,Hong Kong,HKG,Asia,Other,13556.0,2.0,677800,760900,,,,,,3150.3,,,,
Partner_Breakdown,2021,2020s,Digital India Era,Plan 13,0,,Export,,Saudi Arabia,SAU,Middle East,OPEC,13556.0,2.0,677800,760900,,,,,,3150.3,,,,
Partner_Breakdown,2021,2020s,Digital India Era,Plan 13,0,,Import,,China,CHN,Asia,BRICS,114135.0,15.0,677800,760900,,,,,,3150.3,,,,
Partner_Breakdown,2021,2020s,Digital India Era,Plan 13,0,,Import,,UAE,ARE,Middle East,GCC,53263.0,7.0,677800,760900,,,,,,3150.3,,,,
Partner_Breakdown,2021,2020s,Digital India Era,Plan 13,0,,Import,,USA,USA,Americas,G7,53263.0,7.0,677800,760900,,,,,,3150.3,,,,
Partner_Breakdown,2021,2020s,Digital India Era,Plan 13,0,,Import,,Saudi Arabia,SAU,Middle East,OPEC,45654.0,6.0,677800,760900,,,,,,3150.3,,,,
Partner_Breakdown,2021,2020s,Digital India Era,Plan 13,0,,Import,,Russia,RUS,Europe,BRICS,45654.0,6.0,677800,760900,,,,,,3150.3,,,,
Partner_Breakdown,2021,2020s,Digital India Era,Plan 13,0,,Import,,Iraq,IRQ,Middle East,OPEC,38045.0,5.0,677800,760900,,,,,,3150.3,,,,
Partner_Breakdown,2021,2020s,Digital India Era,Plan 13,0,,Import,,South Korea,KOR,Asia,OECD,30436.0,4.0,677800,760900,,,,,,3150.3,,,,
Partner_Breakdown,2021,2020s,Digital India Era,Plan 13,0,,Import,,Australia,AUS,Oceania,OECD,22827.0,3.0,677800,760900,,,,,,3150.3,,,,
Partner_Breakdown,2021,2020s,Digital India Era,Plan 13,0,,Import,,Switzerland,CHE,Europe,OECD,22827.0,3.0,677800,760900,,,,,,3150.3,,,,
Partner_Breakdown,2021,2020s,Digital India Era,Plan 13,0,,Import,,Indonesia,IDN,Asia,ASEAN,22827.0,3.0,677800,760900,,,,,,3150.3,,,,
Partner_Breakdown,2022,2020s,Digital India Era,Plan 13,0,Russia-Ukraine War Impact,Export,,United States,USA,Americas,G7,140040.0,18.0,778000,897600,,,,,,3468.6,,,,
Partner_Breakdown,2022,2020s,Digital India Era,Plan 13,0,Russia-Ukraine War Impact,Export,,UAE,ARE,Middle East,GCC,54460.0,7.0,778000,897600,,,,,,3468.6,,,,
Partner_Breakdown,2022,2020s,Digital India Era,Plan 13,0,Russia-Ukraine War Impact,Export,,China,CHN,Asia,BRICS,23340.0,3.0,778000,897600,,,,,,3468.6,,,,
Partner_Breakdown,2022,2020s,Digital India Era,Plan 13,0,Russia-Ukraine War Impact,Export,,UK,GBR,Europe,G7,23340.0,3.0,778000,897600,,,,,,3468.6,,,,
Partner_Breakdown,2022,2020s,Digital India Era,Plan 13,0,Russia-Ukraine War Impact,Export,,Germany,DEU,Europe,EU,23340.0,3.0,778000,897600,,,,,,3468.6,,,,
Partner_Breakdown,2022,2020s,Digital India Era,Plan 13,0,Russia-Ukraine War Impact,Export,,Bangladesh,BGD,Asia,SAARC,23340.0,3.0,778000,897600,,,,,,3468.6,,,,
Partner_Breakdown,2022,2020s,Digital India Era,Plan 13,0,Russia-Ukraine War Impact,Export,,Singapore,SGP,Asia,ASEAN,15560.0,2.0,778000,897600,,,,,,3468.6,,,,
Partner_Breakdown,2022,2020s,Digital India Era,Plan 13,0,Russia-Ukraine War Impact,Export,,Netherlands,NLD,Europe,EU,23340.0,3.0,778000,897600,,,,,,3468.6,,,,
Partner_Breakdown,2022,2020s,Digital India Era,Plan 13,0,Russia-Ukraine War Impact,Export,,Hong Kong,HKG,Asia,Other,15560.0,2.0,778000,897600,,,,,,3468.6,,,,
Partner_Breakdown,2022,2020s,Digital India Era,Plan 13,0,Russia-Ukraine War Impact,Export,,Saudi Arabia,SAU,Middle East,OPEC,15560.0,2.0,778000,897600,,,,,,3468.6,,,,
Partner_Breakdown,2022,2020s,Digital India Era,Plan 13,0,Russia-Ukraine War Impact,Import,,China,CHN,Asia,BRICS,134640.0,15.0,778000,897600,,,,,,3468.6,,,,
Partner_Breakdown,2022,2020s,Digital India Era,Plan 13,0,Russia-Ukraine War Impact,Import,,UAE,ARE,Middle East,GCC,62832.0,7.0,778000,897600,,,,,,3468.6,,,,
Partner_Breakdown,2022,2020s,Digital India Era,Plan 13,0,Russia-Ukraine War Impact,Import,,USA,USA,Americas,G7,62832.0,7.0,778000,897600,,,,,,3468.6,,,,
Partner_Breakdown,2022,2020s,Digital India Era,Plan 13,0,Russia-Ukraine War Impact,Import,,Saudi Arabia,SAU,Middle East,OPEC,53856.0,6.0,778000,897600,,,,,,3468.6,,,,
Partner_Breakdown,2022,2020s,Digital India Era,Plan 13,0,Russia-Ukraine War Impact,Import,,Russia,RUS,Europe,BRICS,53856.0,6.0,778000,897600,,,,,,3468.6,,,,
Partner_Breakdown,2022,2020s,Digital India Era,Plan 13,0,Russia-Ukraine War Impact,Import,,Iraq,IRQ,Middle East,OPEC,44880.0,5.0,778000,897600,,,,,,3468.6,,,,
Partner_Breakdown,2022,2020s,Digital India Era,Plan 13,0,Russia-Ukraine War Impact,Import,,South Korea,KOR,Asia,OECD,35904.0,4.0,778000,897600,,,,,,3468.6,,,,
Partner_Breakdown,2022,2020s,Digital India Era,Plan 13,0,Russia-Ukraine War Impact,Import,,Australia,AUS,Oceania,OECD,35904.0,4.0,778000,897600,,,,,,3468.6,,,,
Partner_Breakdown,2022,2020s,Digital India Era,Plan 13,0,Russia-Ukraine War Impact,Import,,Switzerland,CHE,Europe,OECD,26928.0,3.0,778000,897600,,,,,,3468.6,,,,
Partner_Breakdown,2022,2020s,Digital India Era,Plan 13,0,Russia-Ukraine War Impact,Import,,Indonesia,IDN,Asia,ASEAN,26928.0,3.0,778000,897600,,,,,,3468.6,,,,
Partner_Breakdown,2023,2020s,Digital India Era,Plan 13,0,,Export,,United States,USA,Americas,G7,139752.0,18.0,776400,898000,,,,,,3737.9,,,,
Partner_Breakdown,2023,2020s,Digital India Era,Plan 13,0,,Export,,UAE,ARE,Middle East,GCC,54348.0,7.0,776400,898000,,,,,,3737.9,,,,
Partner_Breakdown,2023,2020s,Digital India Era,Plan 13,0,,Export,,China,CHN,Asia,BRICS,23292.0,3.0,776400,898000,,,,,,3737.9,,,,
Partner_Breakdown,2023,2020s,Digital India Era,Plan 13,0,,Export,,UK,GBR,Europe,G7,23292.0,3.0,776400,898000,,,,,,3737.9,,,,
Partner_Breakdown,2023,2020s,Digital India Era,Plan 13,0,,Export,,Germany,DEU,Europe,EU,23292.0,3.0,776400,898000,,,,,,3737.9,,,,
Partner_Breakdown,2023,2020s,Digital India Era,Plan 13,0,,Export,,Bangladesh,BGD,Asia,SAARC,23292.0,3.0,776400,898000,,,,,,3737.9,,,,
Partner_Breakdown,2023,2020s,Digital India Era,Plan 13,0,,Export,,Singapore,SGP,Asia,ASEAN,15528.0,2.0,776400,898000,,,,,,3737.9,,,,
Partner_Breakdown,2023,2020s,Digital India Era,Plan 13,0,,Export,,Netherlands,NLD,Europe,EU,23292.0,3.0,776400,898000,,,,,,3737.9,,,,
Partner_Breakdown,2023,2020s,Digital India Era,Plan 13,0,,Export,,Hong Kong,HKG,Asia,Other,15528.0,2.0,776400,898000,,,,,,3737.9,,,,
Partner_Breakdown,2023,2020s,Digital India Era,Plan 13,0,,Export,,Saudi Arabia,SAU,Middle East,OPEC,15528.0,2.0,776400,898000,,,,,,3737.9,,,,
Partner_Breakdown,2023,2020s,Digital India Era,Plan 13,0,,Import,,China,CHN,Asia,BRICS,125720.0,14.0,776400,898000,,,,,,3737.9,,,,
Partner_Breakdown,2023,2020s,Digital India Era,Plan 13,0,,Import,,UAE,ARE,Middle East,GCC,62860.0,7.0,776400,898000,,,,,,3737.9,,,,
Partner_Breakdown,2023,2020s,Digital India Era,Plan 13,0,,Import,,USA,USA,Americas,G7,53880.0,6.0,776400,898000,,,,,,3737.9,,,,
Partner_Breakdown,2023,2020s,Digital India Era,Plan 13,0,,Import,,Saudi Arabia,SAU,Middle East,OPEC,53880.0,6.0,776400,898000,,,,,,3737.9,,,,
Partner_Breakdown,2023,2020s,Digital India Era,Plan 13,0,,Import,,Russia,RUS,Europe,BRICS,44900.0,5.0,776400,898000,,,,,,3737.9,,,,
Partner_Breakdown,2023,2020s,Digital India Era,Plan 13,0,,Import,,Iraq,IRQ,Middle East,OPEC,44900.0,5.0,776400,898000,,,,,,3737.9,,,,
Partner_Breakdown,2023,2020s,Digital India Era,Plan 13,0,,Import,,South Korea,KOR,Asia,OECD,35920.0,4.0,776400,898000,,,,,,3737.9,,,,
Partner_Breakdown,2023,2020s,Digital India Era,Plan 13,0,,Import,,Australia,AUS,Oceania,OECD,35920.0,4.0,776400,898000,,,,,,3737.9,,,,
Partner_Breakdown,2023,2020s,Digital India Era,Plan 13,0,,Import,,Switzerland,CHE,Europe,OECD,26940.0,3.0,776400,898000,,,,,,3737.9,,,,
Partner_Breakdown,2023,2020s,Digital India Era,Plan 13,0,,Import,,Indonesia,IDN,Asia,ASEAN,26940.0,3.0,776400,898000,,,,,,3737.9,,,,
Partner_Breakdown,2024,2020s,Digital India Era,Plan 13,1,,Export,,United States,USA,Americas,G7,140076.0,18.0,778200,878500,,,,,,3940.0,,,,
Partner_Breakdown,2024,2020s,Digital India Era,Plan 13,1,,Export,,UAE,ARE,Middle East,GCC,54474.0,7.0,778200,878500,,,,,,3940.0,,,,
Partner_Breakdown,2024,2020s,Digital India Era,Plan 13,1,,Export,,China,CHN,Asia,BRICS,23346.0,3.0,778200,878500,,,,,,3940.0,,,,
Partner_Breakdown,2024,2020s,Digital India Era,Plan 13,1,,Export,,UK,GBR,Europe,G7,23346.0,3.0,778200,878500,,,,,,3940.0,,,,
Partner_Breakdown,2024,2020s,Digital India Era,Plan 13,1,,Export,,Germany,DEU,Europe,EU,23346.0,3.0,778200,878500,,,,,,3940.0,,,,
Partner_Breakdown,2024,2020s,Digital India Era,Plan 13,1,,Export,,Bangladesh,BGD,Asia,SAARC,23346.0,3.0,778200,878500,,,,,,3940.0,,,,
Partner_Breakdown,2024,2020s,Digital India Era,Plan 13,1,,Export,,Singapore,SGP,Asia,ASEAN,15564.0,2.0,778200,878500,,,,,,3940.0,,,,
Partner_Breakdown,2024,2020s,Digital India Era,Plan 13,1,,Export,,Netherlands,NLD,Europe,EU,23346.0,3.0,778200,878500,,,,,,3940.0,,,,
Partner_Breakdown,2024,2020s,Digital India Era,Plan 13,1,,Export,,Hong Kong,HKG,Asia,Other,15564.0,2.0,778200,878500,,,,,,3940.0,,,,
Partner_Breakdown,2024,2020s,Digital India Era,Plan 13,1,,Export,,Saudi Arabia,SAU,Middle East,OPEC,15564.0,2.0,778200,878500,,,,,,3940.0,,,,
Partner_Breakdown,2024,2020s,Digital India Era,Plan 13,1,,Import,,China,CHN,Asia,BRICS,122990.0,14.0,778200,878500,,,,,,3940.0,,,,
Partner_Breakdown,2024,2020s,Digital India Era,Plan 13,1,,Import,,UAE,ARE,Middle East,GCC,61495.0,7.0,778200,878500,,,,,,3940.0,,,,
Partner_Breakdown,2024,2020s,Digital India Era,Plan 13,1,,Import,,USA,USA,Americas,G7,52710.0,6.0,778200,878500,,,,,,3940.0,,,,
Partner_Breakdown,2024,2020s,Digital India Era,Plan 13,1,,Import,,Saudi Arabia,SAU,Middle East,OPEC,52710.0,6.0,778200,878500,,,,,,3940.0,,,,
Partner_Breakdown,2024,2020s,Digital India Era,Plan 13,1,,Import,,Russia,RUS,Europe,BRICS,35140.0,4.0,778200,878500,,,,,,3940.0,,,,
Partner_Breakdown,2024,2020s,Digital India Era,Plan 13,1,,Import,,Iraq,IRQ,Middle East,OPEC,35140.0,4.0,778200,878500,,,,,,3940.0,,,,
Partner_Breakdown,2024,2020s,Digital India Era,Plan 13,1,,Import,,South Korea,KOR,Asia,OECD,35140.0,4.0,778200,878500,,,,,,3940.0,,,,
Partner_Breakdown,2024,2020s,Digital India Era,Plan 13,1,,Import,,Australia,AUS,Oceania,OECD,35140.0,4.0,778200,878500,,,,,,3940.0,,,,
Partner_Breakdown,2024,2020s,Digital India Era,Plan 13,1,,Import,,Switzerland,CHE,Europe,OECD,26355.0,3.0,778200,878500,,,,,,3940.0,,,,
Partner_Breakdown,2024,2020s,Digital India Era,Plan 13,1,,Import,,Indonesia,IDN,Asia,ASEAN,26355.0,3.0,778200,878500,,,,,,3940.0,,,,
